asset,partition,rep_period,specification,year
NL_Solar,6,1,uniform,2030
NL_Wind_Onshore,6,1,uniform,2030
NL_Wind_Offshore,6,1,uniform,2030
NL_Coal,6,1,uniform,2030
NL_Nuclear,6,1,uniform,2030
NL_CCGT,6,1,uniform,2030
NL_OCGT,6,1,uniform,2030
NL_Battery,6,1,uniform,2030
NL_E_Demand,6,1,uniform,2030
NL_Balance,6,1,uniform,2030
NL_Solar,6,2,uniform,2030
NL_Wind_Onshore,6,2,uniform,2030
NL_Wind_Offshore,6,2,uniform,2030
NL_Coal,6,2,uniform,2030
NL_Nuclear,6,2,uniform,2030
NL_CCGT,6,2,uniform,2030
NL_OCGT,6,2,uniform,2030
NL_Battery,6,2,uniform,2030
NL_E_Demand,6,2,uniform,2030
NL_Balance,6,2,uniform,2030
NL_Solar,6,3,uniform,2030
NL_Wind_Onshore,6,3,uniform,2030
NL_Wind_Offshore,6,3,uniform,2030
NL_Coal,6,3,uniform,2030
NL_Nuclear,6,3,uniform,2030
NL_CCGT,6,3,uniform,2030
NL_OCGT,6,3,uniform,2030
NL_Battery,6,3,uniform,2030
NL_E_Demand,6,3,uniform,2030
NL_Balance,6,3,uniform,2030
NL_Solar,6,4,uniform,2030
NL_Wind_Onshore,6,4,uniform,2030
NL_Wind_Offshore,6,4,uniform,2030
NL_Coal,6,4,uniform,2030
NL_Nuclear,6,4,uniform,2030
NL_CCGT,6,4,uniform,2030
NL_OCGT,6,4,uniform,2030
NL_Battery,6,4,uniform,2030
NL_E_Demand,6,4,uniform,2030
NL_Balance,6,4,uniform,2030
NL_Solar,6,5,uniform,2030
NL_Wind_Onshore,6,5,uniform,2030
NL_Wind_Offshore,6,5,uniform,2030
NL_Coal,6,5,uniform,2030
NL_Nuclear,6,5,uniform,2030
NL_CCGT,6,5,uniform,2030
NL_OCGT,6,5,uniform,2030
NL_Battery,6,5,uniform,2030
NL_E_Demand,6,5,uniform,2030
NL_Balance,6,5,uniform,2030
NL_Solar,6,6,uniform,2030
NL_Wind_Onshore,6,6,uniform,2030
NL_Wind_Offshore,6,6,uniform,2030
NL_Coal,6,6,uniform,2030
NL_Nuclear,6,6,uniform,2030
NL_CCGT,6,6,uniform,2030
NL_OCGT,6,6,uniform,2030
NL_Battery,6,6,uniform,2030
NL_E_Demand,6,6,uniform,2030
NL_Balance,6,6,uniform,2030
NL_Solar,6,7,uniform,2030
NL_Wind_Onshore,6,7,uniform,2030
NL_Wind_Offshore,6,7,uniform,2030
NL_Coal,6,7,uniform,2030
NL_Nuclear,6,7,uniform,2030
NL_CCGT,6,7,uniform,2030
NL_OCGT,6,7,uniform,2030
NL_Battery,6,7,uniform,2030
NL_E_Demand,6,7,uniform,2030
NL_Balance,6,7,uniform,2030
NL_Solar,6,8,uniform,2030
NL_Wind_Onshore,6,8,uniform,2030
NL_Wind_Offshore,6,8,uniform,2030
NL_Coal,6,8,uniform,2030
NL_Nuclear,6,8,uniform,2030
NL_CCGT,6,8,uniform,2030
NL_OCGT,6,8,uniform,2030
NL_Battery,6,8,uniform,2030
NL_E_Demand,6,8,uniform,2030
NL_Balance,6,8,uniform,2030
NL_Solar,6,9,uniform,2030
NL_Wind_Onshore,6,9,uniform,2030
NL_Wind_Offshore,6,9,uniform,2030
NL_Coal,6,9,uniform,2030
NL_Nuclear,6,9,uniform,2030
NL_CCGT,6,9,uniform,2030
NL_OCGT,6,9,uniform,2030
NL_Battery,6,9,uniform,2030
NL_E_Demand,6,9,uniform,2030
NL_Balance,6,9,uniform,2030
NL_Solar,6,10,uniform,2030
NL_Wind_Onshore,6,10,uniform,2030
NL_Wind_Offshore,6,10,uniform,2030
NL_Coal,6,10,uniform,2030
NL_Nuclear,6,10,uniform,2030
NL_CCGT,6,10,uniform,2030
NL_OCGT,6,10,uniform,2030
NL_Battery,6,10,uniform,2030
NL_E_Demand,6,10,uniform,2030
NL_Balance,6,10,uniform,2030
BE_Solar,6,1,uniform,2030
BE_Wind_Onshore,6,1,uniform,2030
BE_Wind_Offshore,6,1,uniform,2030
BE_Coal,6,1,uniform,2030
BE_Nuclear,6,1,uniform,2030
BE_CCGT,6,1,uniform,2030
BE_OCGT,6,1,uniform,2030
BE_Battery,6,1,uniform,2030
BE_E_Demand,6,1,uniform,2030
BE_Balance,6,1,uniform,2030
BE_Solar,6,2,uniform,2030
BE_Wind_Onshore,6,2,uniform,2030
BE_Wind_Offshore,6,2,uniform,2030
BE_Coal,6,2,uniform,2030
BE_Nuclear,6,2,uniform,2030
BE_CCGT,6,2,uniform,2030
BE_OCGT,6,2,uniform,2030
BE_Battery,6,2,uniform,2030
BE_E_Demand,6,2,uniform,2030
BE_Balance,6,2,uniform,2030
BE_Solar,6,3,uniform,2030
BE_Wind_Onshore,6,3,uniform,2030
BE_Wind_Offshore,6,3,uniform,2030
BE_Coal,6,3,uniform,2030
BE_Nuclear,6,3,uniform,2030
BE_CCGT,6,3,uniform,2030
BE_OCGT,6,3,uniform,2030
BE_Battery,6,3,uniform,2030
BE_E_Demand,6,3,uniform,2030
BE_Balance,6,3,uniform,2030
BE_Solar,6,4,uniform,2030
BE_Wind_Onshore,6,4,uniform,2030
BE_Wind_Offshore,6,4,uniform,2030
BE_Coal,6,4,uniform,2030
BE_Nuclear,6,4,uniform,2030
BE_CCGT,6,4,uniform,2030
BE_OCGT,6,4,uniform,2030
BE_Battery,6,4,uniform,2030
BE_E_Demand,6,4,uniform,2030
BE_Balance,6,4,uniform,2030
BE_Solar,6,5,uniform,2030
BE_Wind_Onshore,6,5,uniform,2030
BE_Wind_Offshore,6,5,uniform,2030
BE_Coal,6,5,uniform,2030
BE_Nuclear,6,5,uniform,2030
BE_CCGT,6,5,uniform,2030
BE_OCGT,6,5,uniform,2030
BE_Battery,6,5,uniform,2030
BE_E_Demand,6,5,uniform,2030
BE_Balance,6,5,uniform,2030
BE_Solar,6,6,uniform,2030
BE_Wind_Onshore,6,6,uniform,2030
BE_Wind_Offshore,6,6,uniform,2030
BE_Coal,6,6,uniform,2030
BE_Nuclear,6,6,uniform,2030
BE_CCGT,6,6,uniform,2030
BE_OCGT,6,6,uniform,2030
BE_Battery,6,6,uniform,2030
BE_E_Demand,6,6,uniform,2030
BE_Balance,6,6,uniform,2030
BE_Solar,6,7,uniform,2030
BE_Wind_Onshore,6,7,uniform,2030
BE_Wind_Offshore,6,7,uniform,2030
BE_Coal,6,7,uniform,2030
BE_Nuclear,6,7,uniform,2030
BE_CCGT,6,7,uniform,2030
BE_OCGT,6,7,uniform,2030
BE_Battery,6,7,uniform,2030
BE_E_Demand,6,7,uniform,2030
BE_Balance,6,7,uniform,2030
BE_Solar,6,8,uniform,2030
BE_Wind_Onshore,6,8,uniform,2030
BE_Wind_Offshore,6,8,uniform,2030
BE_Coal,6,8,uniform,2030
BE_Nuclear,6,8,uniform,2030
BE_CCGT,6,8,uniform,2030
BE_OCGT,6,8,uniform,2030
BE_Battery,6,8,uniform,2030
BE_E_Demand,6,8,uniform,2030
BE_Balance,6,8,uniform,2030
BE_Solar,6,9,uniform,2030
BE_Wind_Onshore,6,9,uniform,2030
BE_Wind_Offshore,6,9,uniform,2030
BE_Coal,6,9,uniform,2030
BE_Nuclear,6,9,uniform,2030
BE_CCGT,6,9,uniform,2030
BE_OCGT,6,9,uniform,2030
BE_Battery,6,9,uniform,2030
BE_E_Demand,6,9,uniform,2030
BE_Balance,6,9,uniform,2030
BE_Solar,6,10,uniform,2030
BE_Wind_Onshore,6,10,uniform,2030
BE_Wind_Offshore,6,10,uniform,2030
BE_Coal,6,10,uniform,2030
BE_Nuclear,6,10,uniform,2030
BE_CCGT,6,10,uniform,2030
BE_OCGT,6,10,uniform,2030
BE_Battery,6,10,uniform,2030
BE_E_Demand,6,10,uniform,2030
BE_Balance,6,10,uniform,2030
DE_Solar,6,1,uniform,2030
DE_Wind_Onshore,6,1,uniform,2030
DE_Wind_Offshore,6,1,uniform,2030
DE_Coal,6,1,uniform,2030
DE_Nuclear,6,1,uniform,2030
DE_CCGT,6,1,uniform,2030
DE_OCGT,6,1,uniform,2030
DE_Battery,6,1,uniform,2030
DE_E_Demand,6,1,uniform,2030
DE_Balance,6,1,uniform,2030
DE_Solar,6,2,uniform,2030
DE_Wind_Onshore,6,2,uniform,2030
DE_Wind_Offshore,6,2,uniform,2030
DE_Coal,6,2,uniform,2030
DE_Nuclear,6,2,uniform,2030
DE_CCGT,6,2,uniform,2030
DE_OCGT,6,2,uniform,2030
DE_Battery,6,2,uniform,2030
DE_E_Demand,6,2,uniform,2030
DE_Balance,6,2,uniform,2030
DE_Solar,6,3,uniform,2030
DE_Wind_Onshore,6,3,uniform,2030
DE_Wind_Offshore,6,3,uniform,2030
DE_Coal,6,3,uniform,2030
DE_Nuclear,6,3,uniform,2030
DE_CCGT,6,3,uniform,2030
DE_OCGT,6,3,uniform,2030
DE_Battery,6,3,uniform,2030
DE_E_Demand,6,3,uniform,2030
DE_Balance,6,3,uniform,2030
DE_Solar,6,4,uniform,2030
DE_Wind_Onshore,6,4,uniform,2030
DE_Wind_Offshore,6,4,uniform,2030
DE_Coal,6,4,uniform,2030
DE_Nuclear,6,4,uniform,2030
DE_CCGT,6,4,uniform,2030
DE_OCGT,6,4,uniform,2030
DE_Battery,6,4,uniform,2030
DE_E_Demand,6,4,uniform,2030
DE_Balance,6,4,uniform,2030
DE_Solar,6,5,uniform,2030
DE_Wind_Onshore,6,5,uniform,2030
DE_Wind_Offshore,6,5,uniform,2030
DE_Coal,6,5,uniform,2030
DE_Nuclear,6,5,uniform,2030
DE_CCGT,6,5,uniform,2030
DE_OCGT,6,5,uniform,2030
DE_Battery,6,5,uniform,2030
DE_E_Demand,6,5,uniform,2030
DE_Balance,6,5,uniform,2030
DE_Solar,6,6,uniform,2030
DE_Wind_Onshore,6,6,uniform,2030
DE_Wind_Offshore,6,6,uniform,2030
DE_Coal,6,6,uniform,2030
DE_Nuclear,6,6,uniform,2030
DE_CCGT,6,6,uniform,2030
DE_OCGT,6,6,uniform,2030
DE_Battery,6,6,uniform,2030
DE_E_Demand,6,6,uniform,2030
DE_Balance,6,6,uniform,2030
DE_Solar,6,7,uniform,2030
DE_Wind_Onshore,6,7,uniform,2030
DE_Wind_Offshore,6,7,uniform,2030
DE_Coal,6,7,uniform,2030
DE_Nuclear,6,7,uniform,2030
DE_CCGT,6,7,uniform,2030
DE_OCGT,6,7,uniform,2030
DE_Battery,6,7,uniform,2030
DE_E_Demand,6,7,uniform,2030
DE_Balance,6,7,uniform,2030
DE_Solar,6,8,uniform,2030
DE_Wind_Onshore,6,8,uniform,2030
DE_Wind_Offshore,6,8,uniform,2030
DE_Coal,6,8,uniform,2030
DE_Nuclear,6,8,uniform,2030
DE_CCGT,6,8,uniform,2030
DE_OCGT,6,8,uniform,2030
DE_Battery,6,8,uniform,2030
DE_E_Demand,6,8,uniform,2030
DE_Balance,6,8,uniform,2030
DE_Solar,6,9,uniform,2030
DE_Wind_Onshore,6,9,uniform,2030
DE_Wind_Offshore,6,9,uniform,2030
DE_Coal,6,9,uniform,2030
DE_Nuclear,6,9,uniform,2030
DE_CCGT,6,9,uniform,2030
DE_OCGT,6,9,uniform,2030
DE_Battery,6,9,uniform,2030
DE_E_Demand,6,9,uniform,2030
DE_Balance,6,9,uniform,2030
DE_Solar,6,10,uniform,2030
DE_Wind_Onshore,6,10,uniform,2030
DE_Wind_Offshore,6,10,uniform,2030
DE_Coal,6,10,uniform,2030
DE_Nuclear,6,10,uniform,2030
DE_CCGT,6,10,uniform,2030
DE_OCGT,6,10,uniform,2030
DE_Battery,6,10,uniform,2030
DE_E_Demand,6,10,uniform,2030
DE_Balance,6,10,uniform,2030
FR_Solar,6,1,uniform,2030
FR_Wind_Onshore,6,1,uniform,2030
FR_Wind_Offshore,6,1,uniform,2030
FR_Coal,6,1,uniform,2030
FR_Nuclear,6,1,uniform,2030
FR_CCGT,6,1,uniform,2030
FR_OCGT,6,1,uniform,2030
FR_Battery,6,1,uniform,2030
FR_E_Demand,6,1,uniform,2030
FR_Balance,6,1,uniform,2030
FR_Solar,6,2,uniform,2030
FR_Wind_Onshore,6,2,uniform,2030
FR_Wind_Offshore,6,2,uniform,2030
FR_Coal,6,2,uniform,2030
FR_Nuclear,6,2,uniform,2030
FR_CCGT,6,2,uniform,2030
FR_OCGT,6,2,uniform,2030
FR_Battery,6,2,uniform,2030
FR_E_Demand,6,2,uniform,2030
FR_Balance,6,2,uniform,2030
FR_Solar,6,3,uniform,2030
FR_Wind_Onshore,6,3,uniform,2030
FR_Wind_Offshore,6,3,uniform,2030
FR_Coal,6,3,uniform,2030
FR_Nuclear,6,3,uniform,2030
FR_CCGT,6,3,uniform,2030
FR_OCGT,6,3,uniform,2030
FR_Battery,6,3,uniform,2030
FR_E_Demand,6,3,uniform,2030
FR_Balance,6,3,uniform,2030
FR_Solar,6,4,uniform,2030
FR_Wind_Onshore,6,4,uniform,2030
FR_Wind_Offshore,6,4,uniform,2030
FR_Coal,6,4,uniform,2030
FR_Nuclear,6,4,uniform,2030
FR_CCGT,6,4,uniform,2030
FR_OCGT,6,4,uniform,2030
FR_Battery,6,4,uniform,2030
FR_E_Demand,6,4,uniform,2030
FR_Balance,6,4,uniform,2030
FR_Solar,6,5,uniform,2030
FR_Wind_Onshore,6,5,uniform,2030
FR_Wind_Offshore,6,5,uniform,2030
FR_Coal,6,5,uniform,2030
FR_Nuclear,6,5,uniform,2030
FR_CCGT,6,5,uniform,2030
FR_OCGT,6,5,uniform,2030
FR_Battery,6,5,uniform,2030
FR_E_Demand,6,5,uniform,2030
FR_Balance,6,5,uniform,2030
FR_Solar,6,6,uniform,2030
FR_Wind_Onshore,6,6,uniform,2030
FR_Wind_Offshore,6,6,uniform,2030
FR_Coal,6,6,uniform,2030
FR_Nuclear,6,6,uniform,2030
FR_CCGT,6,6,uniform,2030
FR_OCGT,6,6,uniform,2030
FR_Battery,6,6,uniform,2030
FR_E_Demand,6,6,uniform,2030
FR_Balance,6,6,uniform,2030
FR_Solar,6,7,uniform,2030
FR_Wind_Onshore,6,7,uniform,2030
FR_Wind_Offshore,6,7,uniform,2030
FR_Coal,6,7,uniform,2030
FR_Nuclear,6,7,uniform,2030
FR_CCGT,6,7,uniform,2030
FR_OCGT,6,7,uniform,2030
FR_Battery,6,7,uniform,2030
FR_E_Demand,6,7,uniform,2030
FR_Balance,6,7,uniform,2030
FR_Solar,6,8,uniform,2030
FR_Wind_Onshore,6,8,uniform,2030
FR_Wind_Offshore,6,8,uniform,2030
FR_Coal,6,8,uniform,2030
FR_Nuclear,6,8,uniform,2030
FR_CCGT,6,8,uniform,2030
FR_OCGT,6,8,uniform,2030
FR_Battery,6,8,uniform,2030
FR_E_Demand,6,8,uniform,2030
FR_Balance,6,8,uniform,2030
FR_Solar,6,9,uniform,2030
FR_Wind_Onshore,6,9,uniform,2030
FR_Wind_Offshore,6,9,uniform,2030
FR_Coal,6,9,uniform,2030
FR_Nuclear,6,9,uniform,2030
FR_CCGT,6,9,uniform,2030
FR_OCGT,6,9,uniform,2030
FR_Battery,6,9,uniform,2030
FR_E_Demand,6,9,uniform,2030
FR_Balance,6,9,uniform,2030
FR_Solar,6,10,uniform,2030
FR_Wind_Onshore,6,10,uniform,2030
FR_Wind_Offshore,6,10,uniform,2030
FR_Coal,6,10,uniform,2030
FR_Nuclear,6,10,uniform,2030
FR_CCGT,6,10,uniform,2030
FR_OCGT,6,10,uniform,2030
FR_Battery,6,10,uniform,2030
FR_E_Demand,6,10,uniform,2030
FR_Balance,6,10,uniform,2030
LU_Solar,6,1,uniform,2030
LU_Wind_Onshore,6,1,uniform,2030
LU_Wind_Offshore,6,1,uniform,2030
LU_Coal,6,1,uniform,2030
LU_Nuclear,6,1,uniform,2030
LU_CCGT,6,1,uniform,2030
LU_OCGT,6,1,uniform,2030
LU_Battery,6,1,uniform,2030
LU_E_Demand,6,1,uniform,2030
LU_Balance,6,1,uniform,2030
LU_Solar,6,2,uniform,2030
LU_Wind_Onshore,6,2,uniform,2030
LU_Wind_Offshore,6,2,uniform,2030
LU_Coal,6,2,uniform,2030
LU_Nuclear,6,2,uniform,2030
LU_CCGT,6,2,uniform,2030
LU_OCGT,6,2,uniform,2030
LU_Battery,6,2,uniform,2030
LU_E_Demand,6,2,uniform,2030
LU_Balance,6,2,uniform,2030
LU_Solar,6,3,uniform,2030
LU_Wind_Onshore,6,3,uniform,2030
LU_Wind_Offshore,6,3,uniform,2030
LU_Coal,6,3,uniform,2030
LU_Nuclear,6,3,uniform,2030
LU_CCGT,6,3,uniform,2030
LU_OCGT,6,3,uniform,2030
LU_Battery,6,3,uniform,2030
LU_E_Demand,6,3,uniform,2030
LU_Balance,6,3,uniform,2030
LU_Solar,6,4,uniform,2030
LU_Wind_Onshore,6,4,uniform,2030
LU_Wind_Offshore,6,4,uniform,2030
LU_Coal,6,4,uniform,2030
LU_Nuclear,6,4,uniform,2030
LU_CCGT,6,4,uniform,2030
LU_OCGT,6,4,uniform,2030
LU_Battery,6,4,uniform,2030
LU_E_Demand,6,4,uniform,2030
LU_Balance,6,4,uniform,2030
LU_Solar,6,5,uniform,2030
LU_Wind_Onshore,6,5,uniform,2030
LU_Wind_Offshore,6,5,uniform,2030
LU_Coal,6,5,uniform,2030
LU_Nuclear,6,5,uniform,2030
LU_CCGT,6,5,uniform,2030
LU_OCGT,6,5,uniform,2030
LU_Battery,6,5,uniform,2030
LU_E_Demand,6,5,uniform,2030
LU_Balance,6,5,uniform,2030
LU_Solar,6,6,uniform,2030
LU_Wind_Onshore,6,6,uniform,2030
LU_Wind_Offshore,6,6,uniform,2030
LU_Coal,6,6,uniform,2030
LU_Nuclear,6,6,uniform,2030
LU_CCGT,6,6,uniform,2030
LU_OCGT,6,6,uniform,2030
LU_Battery,6,6,uniform,2030
LU_E_Demand,6,6,uniform,2030
LU_Balance,6,6,uniform,2030
LU_Solar,6,7,uniform,2030
LU_Wind_Onshore,6,7,uniform,2030
LU_Wind_Offshore,6,7,uniform,2030
LU_Coal,6,7,uniform,2030
LU_Nuclear,6,7,uniform,2030
LU_CCGT,6,7,uniform,2030
LU_OCGT,6,7,uniform,2030
LU_Battery,6,7,uniform,2030
LU_E_Demand,6,7,uniform,2030
LU_Balance,6,7,uniform,2030
LU_Solar,6,8,uniform,2030
LU_Wind_Onshore,6,8,uniform,2030
LU_Wind_Offshore,6,8,uniform,2030
LU_Coal,6,8,uniform,2030
LU_Nuclear,6,8,uniform,2030
LU_CCGT,6,8,uniform,2030
LU_OCGT,6,8,uniform,2030
LU_Battery,6,8,uniform,2030
LU_E_Demand,6,8,uniform,2030
LU_Balance,6,8,uniform,2030
LU_Solar,6,9,uniform,2030
LU_Wind_Onshore,6,9,uniform,2030
LU_Wind_Offshore,6,9,uniform,2030
LU_Coal,6,9,uniform,2030
LU_Nuclear,6,9,uniform,2030
LU_CCGT,6,9,uniform,2030
LU_OCGT,6,9,uniform,2030
LU_Battery,6,9,uniform,2030
LU_E_Demand,6,9,uniform,2030
LU_Balance,6,9,uniform,2030
LU_Solar,6,10,uniform,2030
LU_Wind_Onshore,6,10,uniform,2030
LU_Wind_Offshore,6,10,uniform,2030
LU_Coal,6,10,uniform,2030
LU_Nuclear,6,10,uniform,2030
LU_CCGT,6,10,uniform,2030
LU_OCGT,6,10,uniform,2030
LU_Battery,6,10,uniform,2030
LU_E_Demand,6,10,uniform,2030
LU_Balance,6,10,uniform,2030
CH_Solar,6,1,uniform,2030
CH_Wind_Onshore,6,1,uniform,2030
CH_Wind_Offshore,6,1,uniform,2030
CH_Coal,6,1,uniform,2030
CH_Nuclear,6,1,uniform,2030
CH_CCGT,6,1,uniform,2030
CH_OCGT,6,1,uniform,2030
CH_Battery,6,1,uniform,2030
CH_E_Demand,6,1,uniform,2030
CH_Balance,6,1,uniform,2030
CH_Solar,6,2,uniform,2030
CH_Wind_Onshore,6,2,uniform,2030
CH_Wind_Offshore,6,2,uniform,2030
CH_Coal,6,2,uniform,2030
CH_Nuclear,6,2,uniform,2030
CH_CCGT,6,2,uniform,2030
CH_OCGT,6,2,uniform,2030
CH_Battery,6,2,uniform,2030
CH_E_Demand,6,2,uniform,2030
CH_Balance,6,2,uniform,2030
CH_Solar,6,3,uniform,2030
CH_Wind_Onshore,6,3,uniform,2030
CH_Wind_Offshore,6,3,uniform,2030
CH_Coal,6,3,uniform,2030
CH_Nuclear,6,3,uniform,2030
CH_CCGT,6,3,uniform,2030
CH_OCGT,6,3,uniform,2030
CH_Battery,6,3,uniform,2030
CH_E_Demand,6,3,uniform,2030
CH_Balance,6,3,uniform,2030
CH_Solar,6,4,uniform,2030
CH_Wind_Onshore,6,4,uniform,2030
CH_Wind_Offshore,6,4,uniform,2030
CH_Coal,6,4,uniform,2030
CH_Nuclear,6,4,uniform,2030
CH_CCGT,6,4,uniform,2030
CH_OCGT,6,4,uniform,2030
CH_Battery,6,4,uniform,2030
CH_E_Demand,6,4,uniform,2030
CH_Balance,6,4,uniform,2030
CH_Solar,6,5,uniform,2030
CH_Wind_Onshore,6,5,uniform,2030
CH_Wind_Offshore,6,5,uniform,2030
CH_Coal,6,5,uniform,2030
CH_Nuclear,6,5,uniform,2030
CH_CCGT,6,5,uniform,2030
CH_OCGT,6,5,uniform,2030
CH_Battery,6,5,uniform,2030
CH_E_Demand,6,5,uniform,2030
CH_Balance,6,5,uniform,2030
CH_Solar,6,6,uniform,2030
CH_Wind_Onshore,6,6,uniform,2030
CH_Wind_Offshore,6,6,uniform,2030
CH_Coal,6,6,uniform,2030
CH_Nuclear,6,6,uniform,2030
CH_CCGT,6,6,uniform,2030
CH_OCGT,6,6,uniform,2030
CH_Battery,6,6,uniform,2030
CH_E_Demand,6,6,uniform,2030
CH_Balance,6,6,uniform,2030
CH_Solar,6,7,uniform,2030
CH_Wind_Onshore,6,7,uniform,2030
CH_Wind_Offshore,6,7,uniform,2030
CH_Coal,6,7,uniform,2030
CH_Nuclear,6,7,uniform,2030
CH_CCGT,6,7,uniform,2030
CH_OCGT,6,7,uniform,2030
CH_Battery,6,7,uniform,2030
CH_E_Demand,6,7,uniform,2030
CH_Balance,6,7,uniform,2030
CH_Solar,6,8,uniform,2030
CH_Wind_Onshore,6,8,uniform,2030
CH_Wind_Offshore,6,8,uniform,2030
CH_Coal,6,8,uniform,2030
CH_Nuclear,6,8,uniform,2030
CH_CCGT,6,8,uniform,2030
CH_OCGT,6,8,uniform,2030
CH_Battery,6,8,uniform,2030
CH_E_Demand,6,8,uniform,2030
CH_Balance,6,8,uniform,2030
CH_Solar,6,9,uniform,2030
CH_Wind_Onshore,6,9,uniform,2030
CH_Wind_Offshore,6,9,uniform,2030
CH_Coal,6,9,uniform,2030
CH_Nuclear,6,9,uniform,2030
CH_CCGT,6,9,uniform,2030
CH_OCGT,6,9,uniform,2030
CH_Battery,6,9,uniform,2030
CH_E_Demand,6,9,uniform,2030
CH_Balance,6,9,uniform,2030
CH_Solar,6,10,uniform,2030
CH_Wind_Onshore,6,10,uniform,2030
CH_Wind_Offshore,6,10,uniform,2030
CH_Coal,6,10,uniform,2030
CH_Nuclear,6,10,uniform,2030
CH_CCGT,6,10,uniform,2030
CH_OCGT,6,10,uniform,2030
CH_Battery,6,10,uniform,2030
CH_E_Demand,6,10,uniform,2030
CH_Balance,6,10,uniform,2030
UK_Solar,6,1,uniform,2030
UK_Wind_Onshore,6,1,uniform,2030
UK_Wind_Offshore,6,1,uniform,2030
UK_Coal,6,1,uniform,2030
UK_Nuclear,6,1,uniform,2030
UK_CCGT,6,1,uniform,2030
UK_OCGT,6,1,uniform,2030
UK_Battery,6,1,uniform,2030
UK_E_Demand,6,1,uniform,2030
UK_Balance,6,1,uniform,2030
UK_Solar,6,2,uniform,2030
UK_Wind_Onshore,6,2,uniform,2030
UK_Wind_Offshore,6,2,uniform,2030
UK_Coal,6,2,uniform,2030
UK_Nuclear,6,2,uniform,2030
UK_CCGT,6,2,uniform,2030
UK_OCGT,6,2,uniform,2030
UK_Battery,6,2,uniform,2030
UK_E_Demand,6,2,uniform,2030
UK_Balance,6,2,uniform,2030
UK_Solar,6,3,uniform,2030
UK_Wind_Onshore,6,3,uniform,2030
UK_Wind_Offshore,6,3,uniform,2030
UK_Coal,6,3,uniform,2030
UK_Nuclear,6,3,uniform,2030
UK_CCGT,6,3,uniform,2030
UK_OCGT,6,3,uniform,2030
UK_Battery,6,3,uniform,2030
UK_E_Demand,6,3,uniform,2030
UK_Balance,6,3,uniform,2030
UK_Solar,6,4,uniform,2030
UK_Wind_Onshore,6,4,uniform,2030
UK_Wind_Offshore,6,4,uniform,2030
UK_Coal,6,4,uniform,2030
UK_Nuclear,6,4,uniform,2030
UK_CCGT,6,4,uniform,2030
UK_OCGT,6,4,uniform,2030
UK_Battery,6,4,uniform,2030
UK_E_Demand,6,4,uniform,2030
UK_Balance,6,4,uniform,2030
UK_Solar,6,5,uniform,2030
UK_Wind_Onshore,6,5,uniform,2030
UK_Wind_Offshore,6,5,uniform,2030
UK_Coal,6,5,uniform,2030
UK_Nuclear,6,5,uniform,2030
UK_CCGT,6,5,uniform,2030
UK_OCGT,6,5,uniform,2030
UK_Battery,6,5,uniform,2030
UK_E_Demand,6,5,uniform,2030
UK_Balance,6,5,uniform,2030
UK_Solar,6,6,uniform,2030
UK_Wind_Onshore,6,6,uniform,2030
UK_Wind_Offshore,6,6,uniform,2030
UK_Coal,6,6,uniform,2030
UK_Nuclear,6,6,uniform,2030
UK_CCGT,6,6,uniform,2030
UK_OCGT,6,6,uniform,2030
UK_Battery,6,6,uniform,2030
UK_E_Demand,6,6,uniform,2030
UK_Balance,6,6,uniform,2030
UK_Solar,6,7,uniform,2030
UK_Wind_Onshore,6,7,uniform,2030
UK_Wind_Offshore,6,7,uniform,2030
UK_Coal,6,7,uniform,2030
UK_Nuclear,6,7,uniform,2030
UK_CCGT,6,7,uniform,2030
UK_OCGT,6,7,uniform,2030
UK_Battery,6,7,uniform,2030
UK_E_Demand,6,7,uniform,2030
UK_Balance,6,7,uniform,2030
UK_Solar,6,8,uniform,2030
UK_Wind_Onshore,6,8,uniform,2030
UK_Wind_Offshore,6,8,uniform,2030
UK_Coal,6,8,uniform,2030
UK_Nuclear,6,8,uniform,2030
UK_CCGT,6,8,uniform,2030
UK_OCGT,6,8,uniform,2030
UK_Battery,6,8,uniform,2030
UK_E_Demand,6,8,uniform,2030
UK_Balance,6,8,uniform,2030
UK_Solar,6,9,uniform,2030
UK_Wind_Onshore,6,9,uniform,2030
UK_Wind_Offshore,6,9,uniform,2030
UK_Coal,6,9,uniform,2030
UK_Nuclear,6,9,uniform,2030
UK_CCGT,6,9,uniform,2030
UK_OCGT,6,9,uniform,2030
UK_Battery,6,9,uniform,2030
UK_E_Demand,6,9,uniform,2030
UK_Balance,6,9,uniform,2030
UK_Solar,6,10,uniform,2030
UK_Wind_Onshore,6,10,uniform,2030
UK_Wind_Offshore,6,10,uniform,2030
UK_Coal,6,10,uniform,2030
UK_Nuclear,6,10,uniform,2030
UK_CCGT,6,10,uniform,2030
UK_OCGT,6,10,uniform,2030
UK_Battery,6,10,uniform,2030
UK_E_Demand,6,10,uniform,2030
UK_Balance,6,10,uniform,2030
DK_Solar,6,1,uniform,2030
DK_Wind_Onshore,6,1,uniform,2030
DK_Wind_Offshore,6,1,uniform,2030
DK_Coal,6,1,uniform,2030
DK_Nuclear,6,1,uniform,2030
DK_CCGT,6,1,uniform,2030
DK_OCGT,6,1,uniform,2030
DK_Battery,6,1,uniform,2030
DK_E_Demand,6,1,uniform,2030
DK_Balance,6,1,uniform,2030
DK_Solar,6,2,uniform,2030
DK_Wind_Onshore,6,2,uniform,2030
DK_Wind_Offshore,6,2,uniform,2030
DK_Coal,6,2,uniform,2030
DK_Nuclear,6,2,uniform,2030
DK_CCGT,6,2,uniform,2030
DK_OCGT,6,2,uniform,2030
DK_Battery,6,2,uniform,2030
DK_E_Demand,6,2,uniform,2030
DK_Balance,6,2,uniform,2030
DK_Solar,6,3,uniform,2030
DK_Wind_Onshore,6,3,uniform,2030
DK_Wind_Offshore,6,3,uniform,2030
DK_Coal,6,3,uniform,2030
DK_Nuclear,6,3,uniform,2030
DK_CCGT,6,3,uniform,2030
DK_OCGT,6,3,uniform,2030
DK_Battery,6,3,uniform,2030
DK_E_Demand,6,3,uniform,2030
DK_Balance,6,3,uniform,2030
DK_Solar,6,4,uniform,2030
DK_Wind_Onshore,6,4,uniform,2030
DK_Wind_Offshore,6,4,uniform,2030
DK_Coal,6,4,uniform,2030
DK_Nuclear,6,4,uniform,2030
DK_CCGT,6,4,uniform,2030
DK_OCGT,6,4,uniform,2030
DK_Battery,6,4,uniform,2030
DK_E_Demand,6,4,uniform,2030
DK_Balance,6,4,uniform,2030
DK_Solar,6,5,uniform,2030
DK_Wind_Onshore,6,5,uniform,2030
DK_Wind_Offshore,6,5,uniform,2030
DK_Coal,6,5,uniform,2030
DK_Nuclear,6,5,uniform,2030
DK_CCGT,6,5,uniform,2030
DK_OCGT,6,5,uniform,2030
DK_Battery,6,5,uniform,2030
DK_E_Demand,6,5,uniform,2030
DK_Balance,6,5,uniform,2030
DK_Solar,6,6,uniform,2030
DK_Wind_Onshore,6,6,uniform,2030
DK_Wind_Offshore,6,6,uniform,2030
DK_Coal,6,6,uniform,2030
DK_Nuclear,6,6,uniform,2030
DK_CCGT,6,6,uniform,2030
DK_OCGT,6,6,uniform,2030
DK_Battery,6,6,uniform,2030
DK_E_Demand,6,6,uniform,2030
DK_Balance,6,6,uniform,2030
DK_Solar,6,7,uniform,2030
DK_Wind_Onshore,6,7,uniform,2030
DK_Wind_Offshore,6,7,uniform,2030
DK_Coal,6,7,uniform,2030
DK_Nuclear,6,7,uniform,2030
DK_CCGT,6,7,uniform,2030
DK_OCGT,6,7,uniform,2030
DK_Battery,6,7,uniform,2030
DK_E_Demand,6,7,uniform,2030
DK_Balance,6,7,uniform,2030
DK_Solar,6,8,uniform,2030
DK_Wind_Onshore,6,8,uniform,2030
DK_Wind_Offshore,6,8,uniform,2030
DK_Coal,6,8,uniform,2030
DK_Nuclear,6,8,uniform,2030
DK_CCGT,6,8,uniform,2030
DK_OCGT,6,8,uniform,2030
DK_Battery,6,8,uniform,2030
DK_E_Demand,6,8,uniform,2030
DK_Balance,6,8,uniform,2030
DK_Solar,6,9,uniform,2030
DK_Wind_Onshore,6,9,uniform,2030
DK_Wind_Offshore,6,9,uniform,2030
DK_Coal,6,9,uniform,2030
DK_Nuclear,6,9,uniform,2030
DK_CCGT,6,9,uniform,2030
DK_OCGT,6,9,uniform,2030
DK_Battery,6,9,uniform,2030
DK_E_Demand,6,9,uniform,2030
DK_Balance,6,9,uniform,2030
DK_Solar,6,10,uniform,2030
DK_Wind_Onshore,6,10,uniform,2030
DK_Wind_Offshore,6,10,uniform,2030
DK_Coal,6,10,uniform,2030
DK_Nuclear,6,10,uniform,2030
DK_CCGT,6,10,uniform,2030
DK_OCGT,6,10,uniform,2030
DK_Battery,6,10,uniform,2030
DK_E_Demand,6,10,uniform,2030
DK_Balance,6,10,uniform,2030
NO_Solar,6,1,uniform,2030
NO_Wind_Onshore,6,1,uniform,2030
NO_Wind_Offshore,6,1,uniform,2030
NO_Coal,6,1,uniform,2030
NO_Nuclear,6,1,uniform,2030
NO_CCGT,6,1,uniform,2030
NO_OCGT,6,1,uniform,2030
NO_Battery,6,1,uniform,2030
NO_E_Demand,6,1,uniform,2030
NO_Balance,6,1,uniform,2030
NO_Solar,6,2,uniform,2030
NO_Wind_Onshore,6,2,uniform,2030
NO_Wind_Offshore,6,2,uniform,2030
NO_Coal,6,2,uniform,2030
NO_Nuclear,6,2,uniform,2030
NO_CCGT,6,2,uniform,2030
NO_OCGT,6,2,uniform,2030
NO_Battery,6,2,uniform,2030
NO_E_Demand,6,2,uniform,2030
NO_Balance,6,2,uniform,2030
NO_Solar,6,3,uniform,2030
NO_Wind_Onshore,6,3,uniform,2030
NO_Wind_Offshore,6,3,uniform,2030
NO_Coal,6,3,uniform,2030
NO_Nuclear,6,3,uniform,2030
NO_CCGT,6,3,uniform,2030
NO_OCGT,6,3,uniform,2030
NO_Battery,6,3,uniform,2030
NO_E_Demand,6,3,uniform,2030
NO_Balance,6,3,uniform,2030
NO_Solar,6,4,uniform,2030
NO_Wind_Onshore,6,4,uniform,2030
NO_Wind_Offshore,6,4,uniform,2030
NO_Coal,6,4,uniform,2030
NO_Nuclear,6,4,uniform,2030
NO_CCGT,6,4,uniform,2030
NO_OCGT,6,4,uniform,2030
NO_Battery,6,4,uniform,2030
NO_E_Demand,6,4,uniform,2030
NO_Balance,6,4,uniform,2030
NO_Solar,6,5,uniform,2030
NO_Wind_Onshore,6,5,uniform,2030
NO_Wind_Offshore,6,5,uniform,2030
NO_Coal,6,5,uniform,2030
NO_Nuclear,6,5,uniform,2030
NO_CCGT,6,5,uniform,2030
NO_OCGT,6,5,uniform,2030
NO_Battery,6,5,uniform,2030
NO_E_Demand,6,5,uniform,2030
NO_Balance,6,5,uniform,2030
NO_Solar,6,6,uniform,2030
NO_Wind_Onshore,6,6,uniform,2030
NO_Wind_Offshore,6,6,uniform,2030
NO_Coal,6,6,uniform,2030
NO_Nuclear,6,6,uniform,2030
NO_CCGT,6,6,uniform,2030
NO_OCGT,6,6,uniform,2030
NO_Battery,6,6,uniform,2030
NO_E_Demand,6,6,uniform,2030
NO_Balance,6,6,uniform,2030
NO_Solar,6,7,uniform,2030
NO_Wind_Onshore,6,7,uniform,2030
NO_Wind_Offshore,6,7,uniform,2030
NO_Coal,6,7,uniform,2030
NO_Nuclear,6,7,uniform,2030
NO_CCGT,6,7,uniform,2030
NO_OCGT,6,7,uniform,2030
NO_Battery,6,7,uniform,2030
NO_E_Demand,6,7,uniform,2030
NO_Balance,6,7,uniform,2030
NO_Solar,6,8,uniform,2030
NO_Wind_Onshore,6,8,uniform,2030
NO_Wind_Offshore,6,8,uniform,2030
NO_Coal,6,8,uniform,2030
NO_Nuclear,6,8,uniform,2030
NO_CCGT,6,8,uniform,2030
NO_OCGT,6,8,uniform,2030
NO_Battery,6,8,uniform,2030
NO_E_Demand,6,8,uniform,2030
NO_Balance,6,8,uniform,2030
NO_Solar,6,9,uniform,2030
NO_Wind_Onshore,6,9,uniform,2030
NO_Wind_Offshore,6,9,uniform,2030
NO_Coal,6,9,uniform,2030
NO_Nuclear,6,9,uniform,2030
NO_CCGT,6,9,uniform,2030
NO_OCGT,6,9,uniform,2030
NO_Battery,6,9,uniform,2030
NO_E_Demand,6,9,uniform,2030
NO_Balance,6,9,uniform,2030
NO_Solar,6,10,uniform,2030
NO_Wind_Onshore,6,10,uniform,2030
NO_Wind_Offshore,6,10,uniform,2030
NO_Coal,6,10,uniform,2030
NO_Nuclear,6,10,uniform,2030
NO_CCGT,6,10,uniform,2030
NO_OCGT,6,10,uniform,2030
NO_Battery,6,10,uniform,2030
NO_E_Demand,6,10,uniform,2030
NO_Balance,6,10,uniform,2030
IE_Solar,6,1,uniform,2030
IE_Wind_Onshore,6,1,uniform,2030
IE_Wind_Offshore,6,1,uniform,2030
IE_Coal,6,1,uniform,2030
IE_Nuclear,6,1,uniform,2030
IE_CCGT,6,1,uniform,2030
IE_OCGT,6,1,uniform,2030
IE_Battery,6,1,uniform,2030
IE_E_Demand,6,1,uniform,2030
IE_Balance,6,1,uniform,2030
IE_Solar,6,2,uniform,2030
IE_Wind_Onshore,6,2,uniform,2030
IE_Wind_Offshore,6,2,uniform,2030
IE_Coal,6,2,uniform,2030
IE_Nuclear,6,2,uniform,2030
IE_CCGT,6,2,uniform,2030
IE_OCGT,6,2,uniform,2030
IE_Battery,6,2,uniform,2030
IE_E_Demand,6,2,uniform,2030
IE_Balance,6,2,uniform,2030
IE_Solar,6,3,uniform,2030
IE_Wind_Onshore,6,3,uniform,2030
IE_Wind_Offshore,6,3,uniform,2030
IE_Coal,6,3,uniform,2030
IE_Nuclear,6,3,uniform,2030
IE_CCGT,6,3,uniform,2030
IE_OCGT,6,3,uniform,2030
IE_Battery,6,3,uniform,2030
IE_E_Demand,6,3,uniform,2030
IE_Balance,6,3,uniform,2030
IE_Solar,6,4,uniform,2030
IE_Wind_Onshore,6,4,uniform,2030
IE_Wind_Offshore,6,4,uniform,2030
IE_Coal,6,4,uniform,2030
IE_Nuclear,6,4,uniform,2030
IE_CCGT,6,4,uniform,2030
IE_OCGT,6,4,uniform,2030
IE_Battery,6,4,uniform,2030
IE_E_Demand,6,4,uniform,2030
IE_Balance,6,4,uniform,2030
IE_Solar,6,5,uniform,2030
IE_Wind_Onshore,6,5,uniform,2030
IE_Wind_Offshore,6,5,uniform,2030
IE_Coal,6,5,uniform,2030
IE_Nuclear,6,5,uniform,2030
IE_CCGT,6,5,uniform,2030
IE_OCGT,6,5,uniform,2030
IE_Battery,6,5,uniform,2030
IE_E_Demand,6,5,uniform,2030
IE_Balance,6,5,uniform,2030
IE_Solar,6,6,uniform,2030
IE_Wind_Onshore,6,6,uniform,2030
IE_Wind_Offshore,6,6,uniform,2030
IE_Coal,6,6,uniform,2030
IE_Nuclear,6,6,uniform,2030
IE_CCGT,6,6,uniform,2030
IE_OCGT,6,6,uniform,2030
IE_Battery,6,6,uniform,2030
IE_E_Demand,6,6,uniform,2030
IE_Balance,6,6,uniform,2030
IE_Solar,6,7,uniform,2030
IE_Wind_Onshore,6,7,uniform,2030
IE_Wind_Offshore,6,7,uniform,2030
IE_Coal,6,7,uniform,2030
IE_Nuclear,6,7,uniform,2030
IE_CCGT,6,7,uniform,2030
IE_OCGT,6,7,uniform,2030
IE_Battery,6,7,uniform,2030
IE_E_Demand,6,7,uniform,2030
IE_Balance,6,7,uniform,2030
IE_Solar,6,8,uniform,2030
IE_Wind_Onshore,6,8,uniform,2030
IE_Wind_Offshore,6,8,uniform,2030
IE_Coal,6,8,uniform,2030
IE_Nuclear,6,8,uniform,2030
IE_CCGT,6,8,uniform,2030
IE_OCGT,6,8,uniform,2030
IE_Battery,6,8,uniform,2030
IE_E_Demand,6,8,uniform,2030
IE_Balance,6,8,uniform,2030
IE_Solar,6,9,uniform,2030
IE_Wind_Onshore,6,9,uniform,2030
IE_Wind_Offshore,6,9,uniform,2030
IE_Coal,6,9,uniform,2030
IE_Nuclear,6,9,uniform,2030
IE_CCGT,6,9,uniform,2030
IE_OCGT,6,9,uniform,2030
IE_Battery,6,9,uniform,2030
IE_E_Demand,6,9,uniform,2030
IE_Balance,6,9,uniform,2030
IE_Solar,6,10,uniform,2030
IE_Wind_Onshore,6,10,uniform,2030
IE_Wind_Offshore,6,10,uniform,2030
IE_Coal,6,10,uniform,2030
IE_Nuclear,6,10,uniform,2030
IE_CCGT,6,10,uniform,2030
IE_OCGT,6,10,uniform,2030
IE_Battery,6,10,uniform,2030
IE_E_Demand,6,10,uniform,2030
IE_Balance,6,10,uniform,2030
SE_Solar,6,1,uniform,2030
SE_Wind_Onshore,6,1,uniform,2030
SE_Wind_Offshore,6,1,uniform,2030
SE_Coal,6,1,uniform,2030
SE_Nuclear,6,1,uniform,2030
SE_CCGT,6,1,uniform,2030
SE_OCGT,6,1,uniform,2030
SE_Battery,6,1,uniform,2030
SE_E_Demand,6,1,uniform,2030
SE_Balance,6,1,uniform,2030
SE_Solar,6,2,uniform,2030
SE_Wind_Onshore,6,2,uniform,2030
SE_Wind_Offshore,6,2,uniform,2030
SE_Coal,6,2,uniform,2030
SE_Nuclear,6,2,uniform,2030
SE_CCGT,6,2,uniform,2030
SE_OCGT,6,2,uniform,2030
SE_Battery,6,2,uniform,2030
SE_E_Demand,6,2,uniform,2030
SE_Balance,6,2,uniform,2030
SE_Solar,6,3,uniform,2030
SE_Wind_Onshore,6,3,uniform,2030
SE_Wind_Offshore,6,3,uniform,2030
SE_Coal,6,3,uniform,2030
SE_Nuclear,6,3,uniform,2030
SE_CCGT,6,3,uniform,2030
SE_OCGT,6,3,uniform,2030
SE_Battery,6,3,uniform,2030
SE_E_Demand,6,3,uniform,2030
SE_Balance,6,3,uniform,2030
SE_Solar,6,4,uniform,2030
SE_Wind_Onshore,6,4,uniform,2030
SE_Wind_Offshore,6,4,uniform,2030
SE_Coal,6,4,uniform,2030
SE_Nuclear,6,4,uniform,2030
SE_CCGT,6,4,uniform,2030
SE_OCGT,6,4,uniform,2030
SE_Battery,6,4,uniform,2030
SE_E_Demand,6,4,uniform,2030
SE_Balance,6,4,uniform,2030
SE_Solar,6,5,uniform,2030
SE_Wind_Onshore,6,5,uniform,2030
SE_Wind_Offshore,6,5,uniform,2030
SE_Coal,6,5,uniform,2030
SE_Nuclear,6,5,uniform,2030
SE_CCGT,6,5,uniform,2030
SE_OCGT,6,5,uniform,2030
SE_Battery,6,5,uniform,2030
SE_E_Demand,6,5,uniform,2030
SE_Balance,6,5,uniform,2030
SE_Solar,6,6,uniform,2030
SE_Wind_Onshore,6,6,uniform,2030
SE_Wind_Offshore,6,6,uniform,2030
SE_Coal,6,6,uniform,2030
SE_Nuclear,6,6,uniform,2030
SE_CCGT,6,6,uniform,2030
SE_OCGT,6,6,uniform,2030
SE_Battery,6,6,uniform,2030
SE_E_Demand,6,6,uniform,2030
SE_Balance,6,6,uniform,2030
SE_Solar,6,7,uniform,2030
SE_Wind_Onshore,6,7,uniform,2030
SE_Wind_Offshore,6,7,uniform,2030
SE_Coal,6,7,uniform,2030
SE_Nuclear,6,7,uniform,2030
SE_CCGT,6,7,uniform,2030
SE_OCGT,6,7,uniform,2030
SE_Battery,6,7,uniform,2030
SE_E_Demand,6,7,uniform,2030
SE_Balance,6,7,uniform,2030
SE_Solar,6,8,uniform,2030
SE_Wind_Onshore,6,8,uniform,2030
SE_Wind_Offshore,6,8,uniform,2030
SE_Coal,6,8,uniform,2030
SE_Nuclear,6,8,uniform,2030
SE_CCGT,6,8,uniform,2030
SE_OCGT,6,8,uniform,2030
SE_Battery,6,8,uniform,2030
SE_E_Demand,6,8,uniform,2030
SE_Balance,6,8,uniform,2030
SE_Solar,6,9,uniform,2030
SE_Wind_Onshore,6,9,uniform,2030
SE_Wind_Offshore,6,9,uniform,2030
SE_Coal,6,9,uniform,2030
SE_Nuclear,6,9,uniform,2030
SE_CCGT,6,9,uniform,2030
SE_OCGT,6,9,uniform,2030
SE_Battery,6,9,uniform,2030
SE_E_Demand,6,9,uniform,2030
SE_Balance,6,9,uniform,2030
SE_Solar,6,10,uniform,2030
SE_Wind_Onshore,6,10,uniform,2030
SE_Wind_Offshore,6,10,uniform,2030
SE_Coal,6,10,uniform,2030
SE_Nuclear,6,10,uniform,2030
SE_CCGT,6,10,uniform,2030
SE_OCGT,6,10,uniform,2030
SE_Battery,6,10,uniform,2030
SE_E_Demand,6,10,uniform,2030
SE_Balance,6,10,uniform,2030
AT_Solar,6,1,uniform,2030
AT_Wind_Onshore,6,1,uniform,2030
AT_Wind_Offshore,6,1,uniform,2030
AT_Coal,6,1,uniform,2030
AT_Nuclear,6,1,uniform,2030
AT_CCGT,6,1,uniform,2030
AT_OCGT,6,1,uniform,2030
AT_Battery,6,1,uniform,2030
AT_E_Demand,6,1,uniform,2030
AT_Balance,6,1,uniform,2030
AT_Solar,6,2,uniform,2030
AT_Wind_Onshore,6,2,uniform,2030
AT_Wind_Offshore,6,2,uniform,2030
AT_Coal,6,2,uniform,2030
AT_Nuclear,6,2,uniform,2030
AT_CCGT,6,2,uniform,2030
AT_OCGT,6,2,uniform,2030
AT_Battery,6,2,uniform,2030
AT_E_Demand,6,2,uniform,2030
AT_Balance,6,2,uniform,2030
AT_Solar,6,3,uniform,2030
AT_Wind_Onshore,6,3,uniform,2030
AT_Wind_Offshore,6,3,uniform,2030
AT_Coal,6,3,uniform,2030
AT_Nuclear,6,3,uniform,2030
AT_CCGT,6,3,uniform,2030
AT_OCGT,6,3,uniform,2030
AT_Battery,6,3,uniform,2030
AT_E_Demand,6,3,uniform,2030
AT_Balance,6,3,uniform,2030
AT_Solar,6,4,uniform,2030
AT_Wind_Onshore,6,4,uniform,2030
AT_Wind_Offshore,6,4,uniform,2030
AT_Coal,6,4,uniform,2030
AT_Nuclear,6,4,uniform,2030
AT_CCGT,6,4,uniform,2030
AT_OCGT,6,4,uniform,2030
AT_Battery,6,4,uniform,2030
AT_E_Demand,6,4,uniform,2030
AT_Balance,6,4,uniform,2030
AT_Solar,6,5,uniform,2030
AT_Wind_Onshore,6,5,uniform,2030
AT_Wind_Offshore,6,5,uniform,2030
AT_Coal,6,5,uniform,2030
AT_Nuclear,6,5,uniform,2030
AT_CCGT,6,5,uniform,2030
AT_OCGT,6,5,uniform,2030
AT_Battery,6,5,uniform,2030
AT_E_Demand,6,5,uniform,2030
AT_Balance,6,5,uniform,2030
AT_Solar,6,6,uniform,2030
AT_Wind_Onshore,6,6,uniform,2030
AT_Wind_Offshore,6,6,uniform,2030
AT_Coal,6,6,uniform,2030
AT_Nuclear,6,6,uniform,2030
AT_CCGT,6,6,uniform,2030
AT_OCGT,6,6,uniform,2030
AT_Battery,6,6,uniform,2030
AT_E_Demand,6,6,uniform,2030
AT_Balance,6,6,uniform,2030
AT_Solar,6,7,uniform,2030
AT_Wind_Onshore,6,7,uniform,2030
AT_Wind_Offshore,6,7,uniform,2030
AT_Coal,6,7,uniform,2030
AT_Nuclear,6,7,uniform,2030
AT_CCGT,6,7,uniform,2030
AT_OCGT,6,7,uniform,2030
AT_Battery,6,7,uniform,2030
AT_E_Demand,6,7,uniform,2030
AT_Balance,6,7,uniform,2030
AT_Solar,6,8,uniform,2030
AT_Wind_Onshore,6,8,uniform,2030
AT_Wind_Offshore,6,8,uniform,2030
AT_Coal,6,8,uniform,2030
AT_Nuclear,6,8,uniform,2030
AT_CCGT,6,8,uniform,2030
AT_OCGT,6,8,uniform,2030
AT_Battery,6,8,uniform,2030
AT_E_Demand,6,8,uniform,2030
AT_Balance,6,8,uniform,2030
AT_Solar,6,9,uniform,2030
AT_Wind_Onshore,6,9,uniform,2030
AT_Wind_Offshore,6,9,uniform,2030
AT_Coal,6,9,uniform,2030
AT_Nuclear,6,9,uniform,2030
AT_CCGT,6,9,uniform,2030
AT_OCGT,6,9,uniform,2030
AT_Battery,6,9,uniform,2030
AT_E_Demand,6,9,uniform,2030
AT_Balance,6,9,uniform,2030
AT_Solar,6,10,uniform,2030
AT_Wind_Onshore,6,10,uniform,2030
AT_Wind_Offshore,6,10,uniform,2030
AT_Coal,6,10,uniform,2030
AT_Nuclear,6,10,uniform,2030
AT_CCGT,6,10,uniform,2030
AT_OCGT,6,10,uniform,2030
AT_Battery,6,10,uniform,2030
AT_E_Demand,6,10,uniform,2030
AT_Balance,6,10,uniform,2030
CZ_Solar,6,1,uniform,2030
CZ_Wind_Onshore,6,1,uniform,2030
CZ_Wind_Offshore,6,1,uniform,2030
CZ_Coal,6,1,uniform,2030
CZ_Nuclear,6,1,uniform,2030
CZ_CCGT,6,1,uniform,2030
CZ_OCGT,6,1,uniform,2030
CZ_Battery,6,1,uniform,2030
CZ_E_Demand,6,1,uniform,2030
CZ_Balance,6,1,uniform,2030
CZ_Solar,6,2,uniform,2030
CZ_Wind_Onshore,6,2,uniform,2030
CZ_Wind_Offshore,6,2,uniform,2030
CZ_Coal,6,2,uniform,2030
CZ_Nuclear,6,2,uniform,2030
CZ_CCGT,6,2,uniform,2030
CZ_OCGT,6,2,uniform,2030
CZ_Battery,6,2,uniform,2030
CZ_E_Demand,6,2,uniform,2030
CZ_Balance,6,2,uniform,2030
CZ_Solar,6,3,uniform,2030
CZ_Wind_Onshore,6,3,uniform,2030
CZ_Wind_Offshore,6,3,uniform,2030
CZ_Coal,6,3,uniform,2030
CZ_Nuclear,6,3,uniform,2030
CZ_CCGT,6,3,uniform,2030
CZ_OCGT,6,3,uniform,2030
CZ_Battery,6,3,uniform,2030
CZ_E_Demand,6,3,uniform,2030
CZ_Balance,6,3,uniform,2030
CZ_Solar,6,4,uniform,2030
CZ_Wind_Onshore,6,4,uniform,2030
CZ_Wind_Offshore,6,4,uniform,2030
CZ_Coal,6,4,uniform,2030
CZ_Nuclear,6,4,uniform,2030
CZ_CCGT,6,4,uniform,2030
CZ_OCGT,6,4,uniform,2030
CZ_Battery,6,4,uniform,2030
CZ_E_Demand,6,4,uniform,2030
CZ_Balance,6,4,uniform,2030
CZ_Solar,6,5,uniform,2030
CZ_Wind_Onshore,6,5,uniform,2030
CZ_Wind_Offshore,6,5,uniform,2030
CZ_Coal,6,5,uniform,2030
CZ_Nuclear,6,5,uniform,2030
CZ_CCGT,6,5,uniform,2030
CZ_OCGT,6,5,uniform,2030
CZ_Battery,6,5,uniform,2030
CZ_E_Demand,6,5,uniform,2030
CZ_Balance,6,5,uniform,2030
CZ_Solar,6,6,uniform,2030
CZ_Wind_Onshore,6,6,uniform,2030
CZ_Wind_Offshore,6,6,uniform,2030
CZ_Coal,6,6,uniform,2030
CZ_Nuclear,6,6,uniform,2030
CZ_CCGT,6,6,uniform,2030
CZ_OCGT,6,6,uniform,2030
CZ_Battery,6,6,uniform,2030
CZ_E_Demand,6,6,uniform,2030
CZ_Balance,6,6,uniform,2030
CZ_Solar,6,7,uniform,2030
CZ_Wind_Onshore,6,7,uniform,2030
CZ_Wind_Offshore,6,7,uniform,2030
CZ_Coal,6,7,uniform,2030
CZ_Nuclear,6,7,uniform,2030
CZ_CCGT,6,7,uniform,2030
CZ_OCGT,6,7,uniform,2030
CZ_Battery,6,7,uniform,2030
CZ_E_Demand,6,7,uniform,2030
CZ_Balance,6,7,uniform,2030
CZ_Solar,6,8,uniform,2030
CZ_Wind_Onshore,6,8,uniform,2030
CZ_Wind_Offshore,6,8,uniform,2030
CZ_Coal,6,8,uniform,2030
CZ_Nuclear,6,8,uniform,2030
CZ_CCGT,6,8,uniform,2030
CZ_OCGT,6,8,uniform,2030
CZ_Battery,6,8,uniform,2030
CZ_E_Demand,6,8,uniform,2030
CZ_Balance,6,8,uniform,2030
CZ_Solar,6,9,uniform,2030
CZ_Wind_Onshore,6,9,uniform,2030
CZ_Wind_Offshore,6,9,uniform,2030
CZ_Coal,6,9,uniform,2030
CZ_Nuclear,6,9,uniform,2030
CZ_CCGT,6,9,uniform,2030
CZ_OCGT,6,9,uniform,2030
CZ_Battery,6,9,uniform,2030
CZ_E_Demand,6,9,uniform,2030
CZ_Balance,6,9,uniform,2030
CZ_Solar,6,10,uniform,2030
CZ_Wind_Onshore,6,10,uniform,2030
CZ_Wind_Offshore,6,10,uniform,2030
CZ_Coal,6,10,uniform,2030
CZ_Nuclear,6,10,uniform,2030
CZ_CCGT,6,10,uniform,2030
CZ_OCGT,6,10,uniform,2030
CZ_Battery,6,10,uniform,2030
CZ_E_Demand,6,10,uniform,2030
CZ_Balance,6,10,uniform,2030
PL_Solar,6,1,uniform,2030
PL_Wind_Onshore,6,1,uniform,2030
PL_Wind_Offshore,6,1,uniform,2030
PL_Coal,6,1,uniform,2030
PL_Nuclear,6,1,uniform,2030
PL_CCGT,6,1,uniform,2030
PL_OCGT,6,1,uniform,2030
PL_Battery,6,1,uniform,2030
PL_E_Demand,6,1,uniform,2030
PL_Balance,6,1,uniform,2030
PL_Solar,6,2,uniform,2030
PL_Wind_Onshore,6,2,uniform,2030
PL_Wind_Offshore,6,2,uniform,2030
PL_Coal,6,2,uniform,2030
PL_Nuclear,6,2,uniform,2030
PL_CCGT,6,2,uniform,2030
PL_OCGT,6,2,uniform,2030
PL_Battery,6,2,uniform,2030
PL_E_Demand,6,2,uniform,2030
PL_Balance,6,2,uniform,2030
PL_Solar,6,3,uniform,2030
PL_Wind_Onshore,6,3,uniform,2030
PL_Wind_Offshore,6,3,uniform,2030
PL_Coal,6,3,uniform,2030
PL_Nuclear,6,3,uniform,2030
PL_CCGT,6,3,uniform,2030
PL_OCGT,6,3,uniform,2030
PL_Battery,6,3,uniform,2030
PL_E_Demand,6,3,uniform,2030
PL_Balance,6,3,uniform,2030
PL_Solar,6,4,uniform,2030
PL_Wind_Onshore,6,4,uniform,2030
PL_Wind_Offshore,6,4,uniform,2030
PL_Coal,6,4,uniform,2030
PL_Nuclear,6,4,uniform,2030
PL_CCGT,6,4,uniform,2030
PL_OCGT,6,4,uniform,2030
PL_Battery,6,4,uniform,2030
PL_E_Demand,6,4,uniform,2030
PL_Balance,6,4,uniform,2030
PL_Solar,6,5,uniform,2030
PL_Wind_Onshore,6,5,uniform,2030
PL_Wind_Offshore,6,5,uniform,2030
PL_Coal,6,5,uniform,2030
PL_Nuclear,6,5,uniform,2030
PL_CCGT,6,5,uniform,2030
PL_OCGT,6,5,uniform,2030
PL_Battery,6,5,uniform,2030
PL_E_Demand,6,5,uniform,2030
PL_Balance,6,5,uniform,2030
PL_Solar,6,6,uniform,2030
PL_Wind_Onshore,6,6,uniform,2030
PL_Wind_Offshore,6,6,uniform,2030
PL_Coal,6,6,uniform,2030
PL_Nuclear,6,6,uniform,2030
PL_CCGT,6,6,uniform,2030
PL_OCGT,6,6,uniform,2030
PL_Battery,6,6,uniform,2030
PL_E_Demand,6,6,uniform,2030
PL_Balance,6,6,uniform,2030
PL_Solar,6,7,uniform,2030
PL_Wind_Onshore,6,7,uniform,2030
PL_Wind_Offshore,6,7,uniform,2030
PL_Coal,6,7,uniform,2030
PL_Nuclear,6,7,uniform,2030
PL_CCGT,6,7,uniform,2030
PL_OCGT,6,7,uniform,2030
PL_Battery,6,7,uniform,2030
PL_E_Demand,6,7,uniform,2030
PL_Balance,6,7,uniform,2030
PL_Solar,6,8,uniform,2030
PL_Wind_Onshore,6,8,uniform,2030
PL_Wind_Offshore,6,8,uniform,2030
PL_Coal,6,8,uniform,2030
PL_Nuclear,6,8,uniform,2030
PL_CCGT,6,8,uniform,2030
PL_OCGT,6,8,uniform,2030
PL_Battery,6,8,uniform,2030
PL_E_Demand,6,8,uniform,2030
PL_Balance,6,8,uniform,2030
PL_Solar,6,9,uniform,2030
PL_Wind_Onshore,6,9,uniform,2030
PL_Wind_Offshore,6,9,uniform,2030
PL_Coal,6,9,uniform,2030
PL_Nuclear,6,9,uniform,2030
PL_CCGT,6,9,uniform,2030
PL_OCGT,6,9,uniform,2030
PL_Battery,6,9,uniform,2030
PL_E_Demand,6,9,uniform,2030
PL_Balance,6,9,uniform,2030
PL_Solar,6,10,uniform,2030
PL_Wind_Onshore,6,10,uniform,2030
PL_Wind_Offshore,6,10,uniform,2030
PL_Coal,6,10,uniform,2030
PL_Nuclear,6,10,uniform,2030
PL_CCGT,6,10,uniform,2030
PL_OCGT,6,10,uniform,2030
PL_Battery,6,10,uniform,2030
PL_E_Demand,6,10,uniform,2030
PL_Balance,6,10,uniform,2030
ES_Solar,6,1,uniform,2030
ES_Wind_Onshore,6,1,uniform,2030
ES_Wind_Offshore,6,1,uniform,2030
ES_Coal,6,1,uniform,2030
ES_Nuclear,6,1,uniform,2030
ES_CCGT,6,1,uniform,2030
ES_OCGT,6,1,uniform,2030
ES_Battery,6,1,uniform,2030
ES_E_Demand,6,1,uniform,2030
ES_Balance,6,1,uniform,2030
ES_Solar,6,2,uniform,2030
ES_Wind_Onshore,6,2,uniform,2030
ES_Wind_Offshore,6,2,uniform,2030
ES_Coal,6,2,uniform,2030
ES_Nuclear,6,2,uniform,2030
ES_CCGT,6,2,uniform,2030
ES_OCGT,6,2,uniform,2030
ES_Battery,6,2,uniform,2030
ES_E_Demand,6,2,uniform,2030
ES_Balance,6,2,uniform,2030
ES_Solar,6,3,uniform,2030
ES_Wind_Onshore,6,3,uniform,2030
ES_Wind_Offshore,6,3,uniform,2030
ES_Coal,6,3,uniform,2030
ES_Nuclear,6,3,uniform,2030
ES_CCGT,6,3,uniform,2030
ES_OCGT,6,3,uniform,2030
ES_Battery,6,3,uniform,2030
ES_E_Demand,6,3,uniform,2030
ES_Balance,6,3,uniform,2030
ES_Solar,6,4,uniform,2030
ES_Wind_Onshore,6,4,uniform,2030
ES_Wind_Offshore,6,4,uniform,2030
ES_Coal,6,4,uniform,2030
ES_Nuclear,6,4,uniform,2030
ES_CCGT,6,4,uniform,2030
ES_OCGT,6,4,uniform,2030
ES_Battery,6,4,uniform,2030
ES_E_Demand,6,4,uniform,2030
ES_Balance,6,4,uniform,2030
ES_Solar,6,5,uniform,2030
ES_Wind_Onshore,6,5,uniform,2030
ES_Wind_Offshore,6,5,uniform,2030
ES_Coal,6,5,uniform,2030
ES_Nuclear,6,5,uniform,2030
ES_CCGT,6,5,uniform,2030
ES_OCGT,6,5,uniform,2030
ES_Battery,6,5,uniform,2030
ES_E_Demand,6,5,uniform,2030
ES_Balance,6,5,uniform,2030
ES_Solar,6,6,uniform,2030
ES_Wind_Onshore,6,6,uniform,2030
ES_Wind_Offshore,6,6,uniform,2030
ES_Coal,6,6,uniform,2030
ES_Nuclear,6,6,uniform,2030
ES_CCGT,6,6,uniform,2030
ES_OCGT,6,6,uniform,2030
ES_Battery,6,6,uniform,2030
ES_E_Demand,6,6,uniform,2030
ES_Balance,6,6,uniform,2030
ES_Solar,6,7,uniform,2030
ES_Wind_Onshore,6,7,uniform,2030
ES_Wind_Offshore,6,7,uniform,2030
ES_Coal,6,7,uniform,2030
ES_Nuclear,6,7,uniform,2030
ES_CCGT,6,7,uniform,2030
ES_OCGT,6,7,uniform,2030
ES_Battery,6,7,uniform,2030
ES_E_Demand,6,7,uniform,2030
ES_Balance,6,7,uniform,2030
ES_Solar,6,8,uniform,2030
ES_Wind_Onshore,6,8,uniform,2030
ES_Wind_Offshore,6,8,uniform,2030
ES_Coal,6,8,uniform,2030
ES_Nuclear,6,8,uniform,2030
ES_CCGT,6,8,uniform,2030
ES_OCGT,6,8,uniform,2030
ES_Battery,6,8,uniform,2030
ES_E_Demand,6,8,uniform,2030
ES_Balance,6,8,uniform,2030
ES_Solar,6,9,uniform,2030
ES_Wind_Onshore,6,9,uniform,2030
ES_Wind_Offshore,6,9,uniform,2030
ES_Coal,6,9,uniform,2030
ES_Nuclear,6,9,uniform,2030
ES_CCGT,6,9,uniform,2030
ES_OCGT,6,9,uniform,2030
ES_Battery,6,9,uniform,2030
ES_E_Demand,6,9,uniform,2030
ES_Balance,6,9,uniform,2030
ES_Solar,6,10,uniform,2030
ES_Wind_Onshore,6,10,uniform,2030
ES_Wind_Offshore,6,10,uniform,2030
ES_Coal,6,10,uniform,2030
ES_Nuclear,6,10,uniform,2030
ES_CCGT,6,10,uniform,2030
ES_OCGT,6,10,uniform,2030
ES_Battery,6,10,uniform,2030
ES_E_Demand,6,10,uniform,2030
ES_Balance,6,10,uniform,2030
IT_Solar,6,1,uniform,2030
IT_Wind_Onshore,6,1,uniform,2030
IT_Wind_Offshore,6,1,uniform,2030
IT_Coal,6,1,uniform,2030
IT_Nuclear,6,1,uniform,2030
IT_CCGT,6,1,uniform,2030
IT_OCGT,6,1,uniform,2030
IT_Battery,6,1,uniform,2030
IT_E_Demand,6,1,uniform,2030
IT_Balance,6,1,uniform,2030
IT_Solar,6,2,uniform,2030
IT_Wind_Onshore,6,2,uniform,2030
IT_Wind_Offshore,6,2,uniform,2030
IT_Coal,6,2,uniform,2030
IT_Nuclear,6,2,uniform,2030
IT_CCGT,6,2,uniform,2030
IT_OCGT,6,2,uniform,2030
IT_Battery,6,2,uniform,2030
IT_E_Demand,6,2,uniform,2030
IT_Balance,6,2,uniform,2030
IT_Solar,6,3,uniform,2030
IT_Wind_Onshore,6,3,uniform,2030
IT_Wind_Offshore,6,3,uniform,2030
IT_Coal,6,3,uniform,2030
IT_Nuclear,6,3,uniform,2030
IT_CCGT,6,3,uniform,2030
IT_OCGT,6,3,uniform,2030
IT_Battery,6,3,uniform,2030
IT_E_Demand,6,3,uniform,2030
IT_Balance,6,3,uniform,2030
IT_Solar,6,4,uniform,2030
IT_Wind_Onshore,6,4,uniform,2030
IT_Wind_Offshore,6,4,uniform,2030
IT_Coal,6,4,uniform,2030
IT_Nuclear,6,4,uniform,2030
IT_CCGT,6,4,uniform,2030
IT_OCGT,6,4,uniform,2030
IT_Battery,6,4,uniform,2030
IT_E_Demand,6,4,uniform,2030
IT_Balance,6,4,uniform,2030
IT_Solar,6,5,uniform,2030
IT_Wind_Onshore,6,5,uniform,2030
IT_Wind_Offshore,6,5,uniform,2030
IT_Coal,6,5,uniform,2030
IT_Nuclear,6,5,uniform,2030
IT_CCGT,6,5,uniform,2030
IT_OCGT,6,5,uniform,2030
IT_Battery,6,5,uniform,2030
IT_E_Demand,6,5,uniform,2030
IT_Balance,6,5,uniform,2030
IT_Solar,6,6,uniform,2030
IT_Wind_Onshore,6,6,uniform,2030
IT_Wind_Offshore,6,6,uniform,2030
IT_Coal,6,6,uniform,2030
IT_Nuclear,6,6,uniform,2030
IT_CCGT,6,6,uniform,2030
IT_OCGT,6,6,uniform,2030
IT_Battery,6,6,uniform,2030
IT_E_Demand,6,6,uniform,2030
IT_Balance,6,6,uniform,2030
IT_Solar,6,7,uniform,2030
IT_Wind_Onshore,6,7,uniform,2030
IT_Wind_Offshore,6,7,uniform,2030
IT_Coal,6,7,uniform,2030
IT_Nuclear,6,7,uniform,2030
IT_CCGT,6,7,uniform,2030
IT_OCGT,6,7,uniform,2030
IT_Battery,6,7,uniform,2030
IT_E_Demand,6,7,uniform,2030
IT_Balance,6,7,uniform,2030
IT_Solar,6,8,uniform,2030
IT_Wind_Onshore,6,8,uniform,2030
IT_Wind_Offshore,6,8,uniform,2030
IT_Coal,6,8,uniform,2030
IT_Nuclear,6,8,uniform,2030
IT_CCGT,6,8,uniform,2030
IT_OCGT,6,8,uniform,2030
IT_Battery,6,8,uniform,2030
IT_E_Demand,6,8,uniform,2030
IT_Balance,6,8,uniform,2030
IT_Solar,6,9,uniform,2030
IT_Wind_Onshore,6,9,uniform,2030
IT_Wind_Offshore,6,9,uniform,2030
IT_Coal,6,9,uniform,2030
IT_Nuclear,6,9,uniform,2030
IT_CCGT,6,9,uniform,2030
IT_OCGT,6,9,uniform,2030
IT_Battery,6,9,uniform,2030
IT_E_Demand,6,9,uniform,2030
IT_Balance,6,9,uniform,2030
IT_Solar,6,10,uniform,2030
IT_Wind_Onshore,6,10,uniform,2030
IT_Wind_Offshore,6,10,uniform,2030
IT_Coal,6,10,uniform,2030
IT_Nuclear,6,10,uniform,2030
IT_CCGT,6,10,uniform,2030
IT_OCGT,6,10,uniform,2030
IT_Battery,6,10,uniform,2030
IT_E_Demand,6,10,uniform,2030
IT_Balance,6,10,uniform,2030
LT_Solar,6,1,uniform,2030
LT_Wind_Onshore,6,1,uniform,2030
LT_Wind_Offshore,6,1,uniform,2030
LT_Coal,6,1,uniform,2030
LT_Nuclear,6,1,uniform,2030
LT_CCGT,6,1,uniform,2030
LT_OCGT,6,1,uniform,2030
LT_Battery,6,1,uniform,2030
LT_E_Demand,6,1,uniform,2030
LT_Balance,6,1,uniform,2030
LT_Solar,6,2,uniform,2030
LT_Wind_Onshore,6,2,uniform,2030
LT_Wind_Offshore,6,2,uniform,2030
LT_Coal,6,2,uniform,2030
LT_Nuclear,6,2,uniform,2030
LT_CCGT,6,2,uniform,2030
LT_OCGT,6,2,uniform,2030
LT_Battery,6,2,uniform,2030
LT_E_Demand,6,2,uniform,2030
LT_Balance,6,2,uniform,2030
LT_Solar,6,3,uniform,2030
LT_Wind_Onshore,6,3,uniform,2030
LT_Wind_Offshore,6,3,uniform,2030
LT_Coal,6,3,uniform,2030
LT_Nuclear,6,3,uniform,2030
LT_CCGT,6,3,uniform,2030
LT_OCGT,6,3,uniform,2030
LT_Battery,6,3,uniform,2030
LT_E_Demand,6,3,uniform,2030
LT_Balance,6,3,uniform,2030
LT_Solar,6,4,uniform,2030
LT_Wind_Onshore,6,4,uniform,2030
LT_Wind_Offshore,6,4,uniform,2030
LT_Coal,6,4,uniform,2030
LT_Nuclear,6,4,uniform,2030
LT_CCGT,6,4,uniform,2030
LT_OCGT,6,4,uniform,2030
LT_Battery,6,4,uniform,2030
LT_E_Demand,6,4,uniform,2030
LT_Balance,6,4,uniform,2030
LT_Solar,6,5,uniform,2030
LT_Wind_Onshore,6,5,uniform,2030
LT_Wind_Offshore,6,5,uniform,2030
LT_Coal,6,5,uniform,2030
LT_Nuclear,6,5,uniform,2030
LT_CCGT,6,5,uniform,2030
LT_OCGT,6,5,uniform,2030
LT_Battery,6,5,uniform,2030
LT_E_Demand,6,5,uniform,2030
LT_Balance,6,5,uniform,2030
LT_Solar,6,6,uniform,2030
LT_Wind_Onshore,6,6,uniform,2030
LT_Wind_Offshore,6,6,uniform,2030
LT_Coal,6,6,uniform,2030
LT_Nuclear,6,6,uniform,2030
LT_CCGT,6,6,uniform,2030
LT_OCGT,6,6,uniform,2030
LT_Battery,6,6,uniform,2030
LT_E_Demand,6,6,uniform,2030
LT_Balance,6,6,uniform,2030
LT_Solar,6,7,uniform,2030
LT_Wind_Onshore,6,7,uniform,2030
LT_Wind_Offshore,6,7,uniform,2030
LT_Coal,6,7,uniform,2030
LT_Nuclear,6,7,uniform,2030
LT_CCGT,6,7,uniform,2030
LT_OCGT,6,7,uniform,2030
LT_Battery,6,7,uniform,2030
LT_E_Demand,6,7,uniform,2030
LT_Balance,6,7,uniform,2030
LT_Solar,6,8,uniform,2030
LT_Wind_Onshore,6,8,uniform,2030
LT_Wind_Offshore,6,8,uniform,2030
LT_Coal,6,8,uniform,2030
LT_Nuclear,6,8,uniform,2030
LT_CCGT,6,8,uniform,2030
LT_OCGT,6,8,uniform,2030
LT_Battery,6,8,uniform,2030
LT_E_Demand,6,8,uniform,2030
LT_Balance,6,8,uniform,2030
LT_Solar,6,9,uniform,2030
LT_Wind_Onshore,6,9,uniform,2030
LT_Wind_Offshore,6,9,uniform,2030
LT_Coal,6,9,uniform,2030
LT_Nuclear,6,9,uniform,2030
LT_CCGT,6,9,uniform,2030
LT_OCGT,6,9,uniform,2030
LT_Battery,6,9,uniform,2030
LT_E_Demand,6,9,uniform,2030
LT_Balance,6,9,uniform,2030
LT_Solar,6,10,uniform,2030
LT_Wind_Onshore,6,10,uniform,2030
LT_Wind_Offshore,6,10,uniform,2030
LT_Coal,6,10,uniform,2030
LT_Nuclear,6,10,uniform,2030
LT_CCGT,6,10,uniform,2030
LT_OCGT,6,10,uniform,2030
LT_Battery,6,10,uniform,2030
LT_E_Demand,6,10,uniform,2030
LT_Balance,6,10,uniform,2030
FI_Solar,6,1,uniform,2030
FI_Wind_Onshore,6,1,uniform,2030
FI_Wind_Offshore,6,1,uniform,2030
FI_Coal,6,1,uniform,2030
FI_Nuclear,6,1,uniform,2030
FI_CCGT,6,1,uniform,2030
FI_OCGT,6,1,uniform,2030
FI_Battery,6,1,uniform,2030
FI_E_Demand,6,1,uniform,2030
FI_Balance,6,1,uniform,2030
FI_Solar,6,2,uniform,2030
FI_Wind_Onshore,6,2,uniform,2030
FI_Wind_Offshore,6,2,uniform,2030
FI_Coal,6,2,uniform,2030
FI_Nuclear,6,2,uniform,2030
FI_CCGT,6,2,uniform,2030
FI_OCGT,6,2,uniform,2030
FI_Battery,6,2,uniform,2030
FI_E_Demand,6,2,uniform,2030
FI_Balance,6,2,uniform,2030
FI_Solar,6,3,uniform,2030
FI_Wind_Onshore,6,3,uniform,2030
FI_Wind_Offshore,6,3,uniform,2030
FI_Coal,6,3,uniform,2030
FI_Nuclear,6,3,uniform,2030
FI_CCGT,6,3,uniform,2030
FI_OCGT,6,3,uniform,2030
FI_Battery,6,3,uniform,2030
FI_E_Demand,6,3,uniform,2030
FI_Balance,6,3,uniform,2030
FI_Solar,6,4,uniform,2030
FI_Wind_Onshore,6,4,uniform,2030
FI_Wind_Offshore,6,4,uniform,2030
FI_Coal,6,4,uniform,2030
FI_Nuclear,6,4,uniform,2030
FI_CCGT,6,4,uniform,2030
FI_OCGT,6,4,uniform,2030
FI_Battery,6,4,uniform,2030
FI_E_Demand,6,4,uniform,2030
FI_Balance,6,4,uniform,2030
FI_Solar,6,5,uniform,2030
FI_Wind_Onshore,6,5,uniform,2030
FI_Wind_Offshore,6,5,uniform,2030
FI_Coal,6,5,uniform,2030
FI_Nuclear,6,5,uniform,2030
FI_CCGT,6,5,uniform,2030
FI_OCGT,6,5,uniform,2030
FI_Battery,6,5,uniform,2030
FI_E_Demand,6,5,uniform,2030
FI_Balance,6,5,uniform,2030
FI_Solar,6,6,uniform,2030
FI_Wind_Onshore,6,6,uniform,2030
FI_Wind_Offshore,6,6,uniform,2030
FI_Coal,6,6,uniform,2030
FI_Nuclear,6,6,uniform,2030
FI_CCGT,6,6,uniform,2030
FI_OCGT,6,6,uniform,2030
FI_Battery,6,6,uniform,2030
FI_E_Demand,6,6,uniform,2030
FI_Balance,6,6,uniform,2030
FI_Solar,6,7,uniform,2030
FI_Wind_Onshore,6,7,uniform,2030
FI_Wind_Offshore,6,7,uniform,2030
FI_Coal,6,7,uniform,2030
FI_Nuclear,6,7,uniform,2030
FI_CCGT,6,7,uniform,2030
FI_OCGT,6,7,uniform,2030
FI_Battery,6,7,uniform,2030
FI_E_Demand,6,7,uniform,2030
FI_Balance,6,7,uniform,2030
FI_Solar,6,8,uniform,2030
FI_Wind_Onshore,6,8,uniform,2030
FI_Wind_Offshore,6,8,uniform,2030
FI_Coal,6,8,uniform,2030
FI_Nuclear,6,8,uniform,2030
FI_CCGT,6,8,uniform,2030
FI_OCGT,6,8,uniform,2030
FI_Battery,6,8,uniform,2030
FI_E_Demand,6,8,uniform,2030
FI_Balance,6,8,uniform,2030
FI_Solar,6,9,uniform,2030
FI_Wind_Onshore,6,9,uniform,2030
FI_Wind_Offshore,6,9,uniform,2030
FI_Coal,6,9,uniform,2030
FI_Nuclear,6,9,uniform,2030
FI_CCGT,6,9,uniform,2030
FI_OCGT,6,9,uniform,2030
FI_Battery,6,9,uniform,2030
FI_E_Demand,6,9,uniform,2030
FI_Balance,6,9,uniform,2030
FI_Solar,6,10,uniform,2030
FI_Wind_Onshore,6,10,uniform,2030
FI_Wind_Offshore,6,10,uniform,2030
FI_Coal,6,10,uniform,2030
FI_Nuclear,6,10,uniform,2030
FI_CCGT,6,10,uniform,2030
FI_OCGT,6,10,uniform,2030
FI_Battery,6,10,uniform,2030
FI_E_Demand,6,10,uniform,2030
FI_Balance,6,10,uniform,2030
SI_Solar,6,1,uniform,2030
SI_Wind_Onshore,6,1,uniform,2030
SI_Wind_Offshore,6,1,uniform,2030
SI_Coal,6,1,uniform,2030
SI_Nuclear,6,1,uniform,2030
SI_CCGT,6,1,uniform,2030
SI_OCGT,6,1,uniform,2030
SI_Battery,6,1,uniform,2030
SI_E_Demand,6,1,uniform,2030
SI_Balance,6,1,uniform,2030
SI_Solar,6,2,uniform,2030
SI_Wind_Onshore,6,2,uniform,2030
SI_Wind_Offshore,6,2,uniform,2030
SI_Coal,6,2,uniform,2030
SI_Nuclear,6,2,uniform,2030
SI_CCGT,6,2,uniform,2030
SI_OCGT,6,2,uniform,2030
SI_Battery,6,2,uniform,2030
SI_E_Demand,6,2,uniform,2030
SI_Balance,6,2,uniform,2030
SI_Solar,6,3,uniform,2030
SI_Wind_Onshore,6,3,uniform,2030
SI_Wind_Offshore,6,3,uniform,2030
SI_Coal,6,3,uniform,2030
SI_Nuclear,6,3,uniform,2030
SI_CCGT,6,3,uniform,2030
SI_OCGT,6,3,uniform,2030
SI_Battery,6,3,uniform,2030
SI_E_Demand,6,3,uniform,2030
SI_Balance,6,3,uniform,2030
SI_Solar,6,4,uniform,2030
SI_Wind_Onshore,6,4,uniform,2030
SI_Wind_Offshore,6,4,uniform,2030
SI_Coal,6,4,uniform,2030
SI_Nuclear,6,4,uniform,2030
SI_CCGT,6,4,uniform,2030
SI_OCGT,6,4,uniform,2030
SI_Battery,6,4,uniform,2030
SI_E_Demand,6,4,uniform,2030
SI_Balance,6,4,uniform,2030
SI_Solar,6,5,uniform,2030
SI_Wind_Onshore,6,5,uniform,2030
SI_Wind_Offshore,6,5,uniform,2030
SI_Coal,6,5,uniform,2030
SI_Nuclear,6,5,uniform,2030
SI_CCGT,6,5,uniform,2030
SI_OCGT,6,5,uniform,2030
SI_Battery,6,5,uniform,2030
SI_E_Demand,6,5,uniform,2030
SI_Balance,6,5,uniform,2030
SI_Solar,6,6,uniform,2030
SI_Wind_Onshore,6,6,uniform,2030
SI_Wind_Offshore,6,6,uniform,2030
SI_Coal,6,6,uniform,2030
SI_Nuclear,6,6,uniform,2030
SI_CCGT,6,6,uniform,2030
SI_OCGT,6,6,uniform,2030
SI_Battery,6,6,uniform,2030
SI_E_Demand,6,6,uniform,2030
SI_Balance,6,6,uniform,2030
SI_Solar,6,7,uniform,2030
SI_Wind_Onshore,6,7,uniform,2030
SI_Wind_Offshore,6,7,uniform,2030
SI_Coal,6,7,uniform,2030
SI_Nuclear,6,7,uniform,2030
SI_CCGT,6,7,uniform,2030
SI_OCGT,6,7,uniform,2030
SI_Battery,6,7,uniform,2030
SI_E_Demand,6,7,uniform,2030
SI_Balance,6,7,uniform,2030
SI_Solar,6,8,uniform,2030
SI_Wind_Onshore,6,8,uniform,2030
SI_Wind_Offshore,6,8,uniform,2030
SI_Coal,6,8,uniform,2030
SI_Nuclear,6,8,uniform,2030
SI_CCGT,6,8,uniform,2030
SI_OCGT,6,8,uniform,2030
SI_Battery,6,8,uniform,2030
SI_E_Demand,6,8,uniform,2030
SI_Balance,6,8,uniform,2030
SI_Solar,6,9,uniform,2030
SI_Wind_Onshore,6,9,uniform,2030
SI_Wind_Offshore,6,9,uniform,2030
SI_Coal,6,9,uniform,2030
SI_Nuclear,6,9,uniform,2030
SI_CCGT,6,9,uniform,2030
SI_OCGT,6,9,uniform,2030
SI_Battery,6,9,uniform,2030
SI_E_Demand,6,9,uniform,2030
SI_Balance,6,9,uniform,2030
SI_Solar,6,10,uniform,2030
SI_Wind_Onshore,6,10,uniform,2030
SI_Wind_Offshore,6,10,uniform,2030
SI_Coal,6,10,uniform,2030
SI_Nuclear,6,10,uniform,2030
SI_CCGT,6,10,uniform,2030
SI_OCGT,6,10,uniform,2030
SI_Battery,6,10,uniform,2030
SI_E_Demand,6,10,uniform,2030
SI_Balance,6,10,uniform,2030
HU_Solar,6,1,uniform,2030
HU_Wind_Onshore,6,1,uniform,2030
HU_Wind_Offshore,6,1,uniform,2030
HU_Coal,6,1,uniform,2030
HU_Nuclear,6,1,uniform,2030
HU_CCGT,6,1,uniform,2030
HU_OCGT,6,1,uniform,2030
HU_Battery,6,1,uniform,2030
HU_E_Demand,6,1,uniform,2030
HU_Balance,6,1,uniform,2030
HU_Solar,6,2,uniform,2030
HU_Wind_Onshore,6,2,uniform,2030
HU_Wind_Offshore,6,2,uniform,2030
HU_Coal,6,2,uniform,2030
HU_Nuclear,6,2,uniform,2030
HU_CCGT,6,2,uniform,2030
HU_OCGT,6,2,uniform,2030
HU_Battery,6,2,uniform,2030
HU_E_Demand,6,2,uniform,2030
HU_Balance,6,2,uniform,2030
HU_Solar,6,3,uniform,2030
HU_Wind_Onshore,6,3,uniform,2030
HU_Wind_Offshore,6,3,uniform,2030
HU_Coal,6,3,uniform,2030
HU_Nuclear,6,3,uniform,2030
HU_CCGT,6,3,uniform,2030
HU_OCGT,6,3,uniform,2030
HU_Battery,6,3,uniform,2030
HU_E_Demand,6,3,uniform,2030
HU_Balance,6,3,uniform,2030
HU_Solar,6,4,uniform,2030
HU_Wind_Onshore,6,4,uniform,2030
HU_Wind_Offshore,6,4,uniform,2030
HU_Coal,6,4,uniform,2030
HU_Nuclear,6,4,uniform,2030
HU_CCGT,6,4,uniform,2030
HU_OCGT,6,4,uniform,2030
HU_Battery,6,4,uniform,2030
HU_E_Demand,6,4,uniform,2030
HU_Balance,6,4,uniform,2030
HU_Solar,6,5,uniform,2030
HU_Wind_Onshore,6,5,uniform,2030
HU_Wind_Offshore,6,5,uniform,2030
HU_Coal,6,5,uniform,2030
HU_Nuclear,6,5,uniform,2030
HU_CCGT,6,5,uniform,2030
HU_OCGT,6,5,uniform,2030
HU_Battery,6,5,uniform,2030
HU_E_Demand,6,5,uniform,2030
HU_Balance,6,5,uniform,2030
HU_Solar,6,6,uniform,2030
HU_Wind_Onshore,6,6,uniform,2030
HU_Wind_Offshore,6,6,uniform,2030
HU_Coal,6,6,uniform,2030
HU_Nuclear,6,6,uniform,2030
HU_CCGT,6,6,uniform,2030
HU_OCGT,6,6,uniform,2030
HU_Battery,6,6,uniform,2030
HU_E_Demand,6,6,uniform,2030
HU_Balance,6,6,uniform,2030
HU_Solar,6,7,uniform,2030
HU_Wind_Onshore,6,7,uniform,2030
HU_Wind_Offshore,6,7,uniform,2030
HU_Coal,6,7,uniform,2030
HU_Nuclear,6,7,uniform,2030
HU_CCGT,6,7,uniform,2030
HU_OCGT,6,7,uniform,2030
HU_Battery,6,7,uniform,2030
HU_E_Demand,6,7,uniform,2030
HU_Balance,6,7,uniform,2030
HU_Solar,6,8,uniform,2030
HU_Wind_Onshore,6,8,uniform,2030
HU_Wind_Offshore,6,8,uniform,2030
HU_Coal,6,8,uniform,2030
HU_Nuclear,6,8,uniform,2030
HU_CCGT,6,8,uniform,2030
HU_OCGT,6,8,uniform,2030
HU_Battery,6,8,uniform,2030
HU_E_Demand,6,8,uniform,2030
HU_Balance,6,8,uniform,2030
HU_Solar,6,9,uniform,2030
HU_Wind_Onshore,6,9,uniform,2030
HU_Wind_Offshore,6,9,uniform,2030
HU_Coal,6,9,uniform,2030
HU_Nuclear,6,9,uniform,2030
HU_CCGT,6,9,uniform,2030
HU_OCGT,6,9,uniform,2030
HU_Battery,6,9,uniform,2030
HU_E_Demand,6,9,uniform,2030
HU_Balance,6,9,uniform,2030
HU_Solar,6,10,uniform,2030
HU_Wind_Onshore,6,10,uniform,2030
HU_Wind_Offshore,6,10,uniform,2030
HU_Coal,6,10,uniform,2030
HU_Nuclear,6,10,uniform,2030
HU_CCGT,6,10,uniform,2030
HU_OCGT,6,10,uniform,2030
HU_Battery,6,10,uniform,2030
HU_E_Demand,6,10,uniform,2030
HU_Balance,6,10,uniform,2030
SK_Solar,6,1,uniform,2030
SK_Wind_Onshore,6,1,uniform,2030
SK_Wind_Offshore,6,1,uniform,2030
SK_Coal,6,1,uniform,2030
SK_Nuclear,6,1,uniform,2030
SK_CCGT,6,1,uniform,2030
SK_OCGT,6,1,uniform,2030
SK_Battery,6,1,uniform,2030
SK_E_Demand,6,1,uniform,2030
SK_Balance,6,1,uniform,2030
SK_Solar,6,2,uniform,2030
SK_Wind_Onshore,6,2,uniform,2030
SK_Wind_Offshore,6,2,uniform,2030
SK_Coal,6,2,uniform,2030
SK_Nuclear,6,2,uniform,2030
SK_CCGT,6,2,uniform,2030
SK_OCGT,6,2,uniform,2030
SK_Battery,6,2,uniform,2030
SK_E_Demand,6,2,uniform,2030
SK_Balance,6,2,uniform,2030
SK_Solar,6,3,uniform,2030
SK_Wind_Onshore,6,3,uniform,2030
SK_Wind_Offshore,6,3,uniform,2030
SK_Coal,6,3,uniform,2030
SK_Nuclear,6,3,uniform,2030
SK_CCGT,6,3,uniform,2030
SK_OCGT,6,3,uniform,2030
SK_Battery,6,3,uniform,2030
SK_E_Demand,6,3,uniform,2030
SK_Balance,6,3,uniform,2030
SK_Solar,6,4,uniform,2030
SK_Wind_Onshore,6,4,uniform,2030
SK_Wind_Offshore,6,4,uniform,2030
SK_Coal,6,4,uniform,2030
SK_Nuclear,6,4,uniform,2030
SK_CCGT,6,4,uniform,2030
SK_OCGT,6,4,uniform,2030
SK_Battery,6,4,uniform,2030
SK_E_Demand,6,4,uniform,2030
SK_Balance,6,4,uniform,2030
SK_Solar,6,5,uniform,2030
SK_Wind_Onshore,6,5,uniform,2030
SK_Wind_Offshore,6,5,uniform,2030
SK_Coal,6,5,uniform,2030
SK_Nuclear,6,5,uniform,2030
SK_CCGT,6,5,uniform,2030
SK_OCGT,6,5,uniform,2030
SK_Battery,6,5,uniform,2030
SK_E_Demand,6,5,uniform,2030
SK_Balance,6,5,uniform,2030
SK_Solar,6,6,uniform,2030
SK_Wind_Onshore,6,6,uniform,2030
SK_Wind_Offshore,6,6,uniform,2030
SK_Coal,6,6,uniform,2030
SK_Nuclear,6,6,uniform,2030
SK_CCGT,6,6,uniform,2030
SK_OCGT,6,6,uniform,2030
SK_Battery,6,6,uniform,2030
SK_E_Demand,6,6,uniform,2030
SK_Balance,6,6,uniform,2030
SK_Solar,6,7,uniform,2030
SK_Wind_Onshore,6,7,uniform,2030
SK_Wind_Offshore,6,7,uniform,2030
SK_Coal,6,7,uniform,2030
SK_Nuclear,6,7,uniform,2030
SK_CCGT,6,7,uniform,2030
SK_OCGT,6,7,uniform,2030
SK_Battery,6,7,uniform,2030
SK_E_Demand,6,7,uniform,2030
SK_Balance,6,7,uniform,2030
SK_Solar,6,8,uniform,2030
SK_Wind_Onshore,6,8,uniform,2030
SK_Wind_Offshore,6,8,uniform,2030
SK_Coal,6,8,uniform,2030
SK_Nuclear,6,8,uniform,2030
SK_CCGT,6,8,uniform,2030
SK_OCGT,6,8,uniform,2030
SK_Battery,6,8,uniform,2030
SK_E_Demand,6,8,uniform,2030
SK_Balance,6,8,uniform,2030
SK_Solar,6,9,uniform,2030
SK_Wind_Onshore,6,9,uniform,2030
SK_Wind_Offshore,6,9,uniform,2030
SK_Coal,6,9,uniform,2030
SK_Nuclear,6,9,uniform,2030
SK_CCGT,6,9,uniform,2030
SK_OCGT,6,9,uniform,2030
SK_Battery,6,9,uniform,2030
SK_E_Demand,6,9,uniform,2030
SK_Balance,6,9,uniform,2030
SK_Solar,6,10,uniform,2030
SK_Wind_Onshore,6,10,uniform,2030
SK_Wind_Offshore,6,10,uniform,2030
SK_Coal,6,10,uniform,2030
SK_Nuclear,6,10,uniform,2030
SK_CCGT,6,10,uniform,2030
SK_OCGT,6,10,uniform,2030
SK_Battery,6,10,uniform,2030
SK_E_Demand,6,10,uniform,2030
SK_Balance,6,10,uniform,2030
PT_Solar,6,1,uniform,2030
PT_Wind_Onshore,6,1,uniform,2030
PT_Wind_Offshore,6,1,uniform,2030
PT_Coal,6,1,uniform,2030
PT_Nuclear,6,1,uniform,2030
PT_CCGT,6,1,uniform,2030
PT_OCGT,6,1,uniform,2030
PT_Battery,6,1,uniform,2030
PT_E_Demand,6,1,uniform,2030
PT_Balance,6,1,uniform,2030
PT_Solar,6,2,uniform,2030
PT_Wind_Onshore,6,2,uniform,2030
PT_Wind_Offshore,6,2,uniform,2030
PT_Coal,6,2,uniform,2030
PT_Nuclear,6,2,uniform,2030
PT_CCGT,6,2,uniform,2030
PT_OCGT,6,2,uniform,2030
PT_Battery,6,2,uniform,2030
PT_E_Demand,6,2,uniform,2030
PT_Balance,6,2,uniform,2030
PT_Solar,6,3,uniform,2030
PT_Wind_Onshore,6,3,uniform,2030
PT_Wind_Offshore,6,3,uniform,2030
PT_Coal,6,3,uniform,2030
PT_Nuclear,6,3,uniform,2030
PT_CCGT,6,3,uniform,2030
PT_OCGT,6,3,uniform,2030
PT_Battery,6,3,uniform,2030
PT_E_Demand,6,3,uniform,2030
PT_Balance,6,3,uniform,2030
PT_Solar,6,4,uniform,2030
PT_Wind_Onshore,6,4,uniform,2030
PT_Wind_Offshore,6,4,uniform,2030
PT_Coal,6,4,uniform,2030
PT_Nuclear,6,4,uniform,2030
PT_CCGT,6,4,uniform,2030
PT_OCGT,6,4,uniform,2030
PT_Battery,6,4,uniform,2030
PT_E_Demand,6,4,uniform,2030
PT_Balance,6,4,uniform,2030
PT_Solar,6,5,uniform,2030
PT_Wind_Onshore,6,5,uniform,2030
PT_Wind_Offshore,6,5,uniform,2030
PT_Coal,6,5,uniform,2030
PT_Nuclear,6,5,uniform,2030
PT_CCGT,6,5,uniform,2030
PT_OCGT,6,5,uniform,2030
PT_Battery,6,5,uniform,2030
PT_E_Demand,6,5,uniform,2030
PT_Balance,6,5,uniform,2030
PT_Solar,6,6,uniform,2030
PT_Wind_Onshore,6,6,uniform,2030
PT_Wind_Offshore,6,6,uniform,2030
PT_Coal,6,6,uniform,2030
PT_Nuclear,6,6,uniform,2030
PT_CCGT,6,6,uniform,2030
PT_OCGT,6,6,uniform,2030
PT_Battery,6,6,uniform,2030
PT_E_Demand,6,6,uniform,2030
PT_Balance,6,6,uniform,2030
PT_Solar,6,7,uniform,2030
PT_Wind_Onshore,6,7,uniform,2030
PT_Wind_Offshore,6,7,uniform,2030
PT_Coal,6,7,uniform,2030
PT_Nuclear,6,7,uniform,2030
PT_CCGT,6,7,uniform,2030
PT_OCGT,6,7,uniform,2030
PT_Battery,6,7,uniform,2030
PT_E_Demand,6,7,uniform,2030
PT_Balance,6,7,uniform,2030
PT_Solar,6,8,uniform,2030
PT_Wind_Onshore,6,8,uniform,2030
PT_Wind_Offshore,6,8,uniform,2030
PT_Coal,6,8,uniform,2030
PT_Nuclear,6,8,uniform,2030
PT_CCGT,6,8,uniform,2030
PT_OCGT,6,8,uniform,2030
PT_Battery,6,8,uniform,2030
PT_E_Demand,6,8,uniform,2030
PT_Balance,6,8,uniform,2030
PT_Solar,6,9,uniform,2030
PT_Wind_Onshore,6,9,uniform,2030
PT_Wind_Offshore,6,9,uniform,2030
PT_Coal,6,9,uniform,2030
PT_Nuclear,6,9,uniform,2030
PT_CCGT,6,9,uniform,2030
PT_OCGT,6,9,uniform,2030
PT_Battery,6,9,uniform,2030
PT_E_Demand,6,9,uniform,2030
PT_Balance,6,9,uniform,2030
PT_Solar,6,10,uniform,2030
PT_Wind_Onshore,6,10,uniform,2030
PT_Wind_Offshore,6,10,uniform,2030
PT_Coal,6,10,uniform,2030
PT_Nuclear,6,10,uniform,2030
PT_CCGT,6,10,uniform,2030
PT_OCGT,6,10,uniform,2030
PT_Battery,6,10,uniform,2030
PT_E_Demand,6,10,uniform,2030
PT_Balance,6,10,uniform,2030
HR_Solar,6,1,uniform,2030
HR_Wind_Onshore,6,1,uniform,2030
HR_Wind_Offshore,6,1,uniform,2030
HR_Coal,6,1,uniform,2030
HR_Nuclear,6,1,uniform,2030
HR_CCGT,6,1,uniform,2030
HR_OCGT,6,1,uniform,2030
HR_Battery,6,1,uniform,2030
HR_E_Demand,6,1,uniform,2030
HR_Balance,6,1,uniform,2030
HR_Solar,6,2,uniform,2030
HR_Wind_Onshore,6,2,uniform,2030
HR_Wind_Offshore,6,2,uniform,2030
HR_Coal,6,2,uniform,2030
HR_Nuclear,6,2,uniform,2030
HR_CCGT,6,2,uniform,2030
HR_OCGT,6,2,uniform,2030
HR_Battery,6,2,uniform,2030
HR_E_Demand,6,2,uniform,2030
HR_Balance,6,2,uniform,2030
HR_Solar,6,3,uniform,2030
HR_Wind_Onshore,6,3,uniform,2030
HR_Wind_Offshore,6,3,uniform,2030
HR_Coal,6,3,uniform,2030
HR_Nuclear,6,3,uniform,2030
HR_CCGT,6,3,uniform,2030
HR_OCGT,6,3,uniform,2030
HR_Battery,6,3,uniform,2030
HR_E_Demand,6,3,uniform,2030
HR_Balance,6,3,uniform,2030
HR_Solar,6,4,uniform,2030
HR_Wind_Onshore,6,4,uniform,2030
HR_Wind_Offshore,6,4,uniform,2030
HR_Coal,6,4,uniform,2030
HR_Nuclear,6,4,uniform,2030
HR_CCGT,6,4,uniform,2030
HR_OCGT,6,4,uniform,2030
HR_Battery,6,4,uniform,2030
HR_E_Demand,6,4,uniform,2030
HR_Balance,6,4,uniform,2030
HR_Solar,6,5,uniform,2030
HR_Wind_Onshore,6,5,uniform,2030
HR_Wind_Offshore,6,5,uniform,2030
HR_Coal,6,5,uniform,2030
HR_Nuclear,6,5,uniform,2030
HR_CCGT,6,5,uniform,2030
HR_OCGT,6,5,uniform,2030
HR_Battery,6,5,uniform,2030
HR_E_Demand,6,5,uniform,2030
HR_Balance,6,5,uniform,2030
HR_Solar,6,6,uniform,2030
HR_Wind_Onshore,6,6,uniform,2030
HR_Wind_Offshore,6,6,uniform,2030
HR_Coal,6,6,uniform,2030
HR_Nuclear,6,6,uniform,2030
HR_CCGT,6,6,uniform,2030
HR_OCGT,6,6,uniform,2030
HR_Battery,6,6,uniform,2030
HR_E_Demand,6,6,uniform,2030
HR_Balance,6,6,uniform,2030
HR_Solar,6,7,uniform,2030
HR_Wind_Onshore,6,7,uniform,2030
HR_Wind_Offshore,6,7,uniform,2030
HR_Coal,6,7,uniform,2030
HR_Nuclear,6,7,uniform,2030
HR_CCGT,6,7,uniform,2030
HR_OCGT,6,7,uniform,2030
HR_Battery,6,7,uniform,2030
HR_E_Demand,6,7,uniform,2030
HR_Balance,6,7,uniform,2030
HR_Solar,6,8,uniform,2030
HR_Wind_Onshore,6,8,uniform,2030
HR_Wind_Offshore,6,8,uniform,2030
HR_Coal,6,8,uniform,2030
HR_Nuclear,6,8,uniform,2030
HR_CCGT,6,8,uniform,2030
HR_OCGT,6,8,uniform,2030
HR_Battery,6,8,uniform,2030
HR_E_Demand,6,8,uniform,2030
HR_Balance,6,8,uniform,2030
HR_Solar,6,9,uniform,2030
HR_Wind_Onshore,6,9,uniform,2030
HR_Wind_Offshore,6,9,uniform,2030
HR_Coal,6,9,uniform,2030
HR_Nuclear,6,9,uniform,2030
HR_CCGT,6,9,uniform,2030
HR_OCGT,6,9,uniform,2030
HR_Battery,6,9,uniform,2030
HR_E_Demand,6,9,uniform,2030
HR_Balance,6,9,uniform,2030
HR_Solar,6,10,uniform,2030
HR_Wind_Onshore,6,10,uniform,2030
HR_Wind_Offshore,6,10,uniform,2030
HR_Coal,6,10,uniform,2030
HR_Nuclear,6,10,uniform,2030
HR_CCGT,6,10,uniform,2030
HR_OCGT,6,10,uniform,2030
HR_Battery,6,10,uniform,2030
HR_E_Demand,6,10,uniform,2030
HR_Balance,6,10,uniform,2030
RO_Solar,6,1,uniform,2030
RO_Wind_Onshore,6,1,uniform,2030
RO_Wind_Offshore,6,1,uniform,2030
RO_Coal,6,1,uniform,2030
RO_Nuclear,6,1,uniform,2030
RO_CCGT,6,1,uniform,2030
RO_OCGT,6,1,uniform,2030
RO_Battery,6,1,uniform,2030
RO_E_Demand,6,1,uniform,2030
RO_Balance,6,1,uniform,2030
RO_Solar,6,2,uniform,2030
RO_Wind_Onshore,6,2,uniform,2030
RO_Wind_Offshore,6,2,uniform,2030
RO_Coal,6,2,uniform,2030
RO_Nuclear,6,2,uniform,2030
RO_CCGT,6,2,uniform,2030
RO_OCGT,6,2,uniform,2030
RO_Battery,6,2,uniform,2030
RO_E_Demand,6,2,uniform,2030
RO_Balance,6,2,uniform,2030
RO_Solar,6,3,uniform,2030
RO_Wind_Onshore,6,3,uniform,2030
RO_Wind_Offshore,6,3,uniform,2030
RO_Coal,6,3,uniform,2030
RO_Nuclear,6,3,uniform,2030
RO_CCGT,6,3,uniform,2030
RO_OCGT,6,3,uniform,2030
RO_Battery,6,3,uniform,2030
RO_E_Demand,6,3,uniform,2030
RO_Balance,6,3,uniform,2030
RO_Solar,6,4,uniform,2030
RO_Wind_Onshore,6,4,uniform,2030
RO_Wind_Offshore,6,4,uniform,2030
RO_Coal,6,4,uniform,2030
RO_Nuclear,6,4,uniform,2030
RO_CCGT,6,4,uniform,2030
RO_OCGT,6,4,uniform,2030
RO_Battery,6,4,uniform,2030
RO_E_Demand,6,4,uniform,2030
RO_Balance,6,4,uniform,2030
RO_Solar,6,5,uniform,2030
RO_Wind_Onshore,6,5,uniform,2030
RO_Wind_Offshore,6,5,uniform,2030
RO_Coal,6,5,uniform,2030
RO_Nuclear,6,5,uniform,2030
RO_CCGT,6,5,uniform,2030
RO_OCGT,6,5,uniform,2030
RO_Battery,6,5,uniform,2030
RO_E_Demand,6,5,uniform,2030
RO_Balance,6,5,uniform,2030
RO_Solar,6,6,uniform,2030
RO_Wind_Onshore,6,6,uniform,2030
RO_Wind_Offshore,6,6,uniform,2030
RO_Coal,6,6,uniform,2030
RO_Nuclear,6,6,uniform,2030
RO_CCGT,6,6,uniform,2030
RO_OCGT,6,6,uniform,2030
RO_Battery,6,6,uniform,2030
RO_E_Demand,6,6,uniform,2030
RO_Balance,6,6,uniform,2030
RO_Solar,6,7,uniform,2030
RO_Wind_Onshore,6,7,uniform,2030
RO_Wind_Offshore,6,7,uniform,2030
RO_Coal,6,7,uniform,2030
RO_Nuclear,6,7,uniform,2030
RO_CCGT,6,7,uniform,2030
RO_OCGT,6,7,uniform,2030
RO_Battery,6,7,uniform,2030
RO_E_Demand,6,7,uniform,2030
RO_Balance,6,7,uniform,2030
RO_Solar,6,8,uniform,2030
RO_Wind_Onshore,6,8,uniform,2030
RO_Wind_Offshore,6,8,uniform,2030
RO_Coal,6,8,uniform,2030
RO_Nuclear,6,8,uniform,2030
RO_CCGT,6,8,uniform,2030
RO_OCGT,6,8,uniform,2030
RO_Battery,6,8,uniform,2030
RO_E_Demand,6,8,uniform,2030
RO_Balance,6,8,uniform,2030
RO_Solar,6,9,uniform,2030
RO_Wind_Onshore,6,9,uniform,2030
RO_Wind_Offshore,6,9,uniform,2030
RO_Coal,6,9,uniform,2030
RO_Nuclear,6,9,uniform,2030
RO_CCGT,6,9,uniform,2030
RO_OCGT,6,9,uniform,2030
RO_Battery,6,9,uniform,2030
RO_E_Demand,6,9,uniform,2030
RO_Balance,6,9,uniform,2030
RO_Solar,6,10,uniform,2030
RO_Wind_Onshore,6,10,uniform,2030
RO_Wind_Offshore,6,10,uniform,2030
RO_Coal,6,10,uniform,2030
RO_Nuclear,6,10,uniform,2030
RO_CCGT,6,10,uniform,2030
RO_OCGT,6,10,uniform,2030
RO_Battery,6,10,uniform,2030
RO_E_Demand,6,10,uniform,2030
RO_Balance,6,10,uniform,2030
GR_Solar,6,1,uniform,2030
GR_Wind_Onshore,6,1,uniform,2030
GR_Wind_Offshore,6,1,uniform,2030
GR_Coal,6,1,uniform,2030
GR_Nuclear,6,1,uniform,2030
GR_CCGT,6,1,uniform,2030
GR_OCGT,6,1,uniform,2030
GR_Battery,6,1,uniform,2030
GR_E_Demand,6,1,uniform,2030
GR_Balance,6,1,uniform,2030
GR_Solar,6,2,uniform,2030
GR_Wind_Onshore,6,2,uniform,2030
GR_Wind_Offshore,6,2,uniform,2030
GR_Coal,6,2,uniform,2030
GR_Nuclear,6,2,uniform,2030
GR_CCGT,6,2,uniform,2030
GR_OCGT,6,2,uniform,2030
GR_Battery,6,2,uniform,2030
GR_E_Demand,6,2,uniform,2030
GR_Balance,6,2,uniform,2030
GR_Solar,6,3,uniform,2030
GR_Wind_Onshore,6,3,uniform,2030
GR_Wind_Offshore,6,3,uniform,2030
GR_Coal,6,3,uniform,2030
GR_Nuclear,6,3,uniform,2030
GR_CCGT,6,3,uniform,2030
GR_OCGT,6,3,uniform,2030
GR_Battery,6,3,uniform,2030
GR_E_Demand,6,3,uniform,2030
GR_Balance,6,3,uniform,2030
GR_Solar,6,4,uniform,2030
GR_Wind_Onshore,6,4,uniform,2030
GR_Wind_Offshore,6,4,uniform,2030
GR_Coal,6,4,uniform,2030
GR_Nuclear,6,4,uniform,2030
GR_CCGT,6,4,uniform,2030
GR_OCGT,6,4,uniform,2030
GR_Battery,6,4,uniform,2030
GR_E_Demand,6,4,uniform,2030
GR_Balance,6,4,uniform,2030
GR_Solar,6,5,uniform,2030
GR_Wind_Onshore,6,5,uniform,2030
GR_Wind_Offshore,6,5,uniform,2030
GR_Coal,6,5,uniform,2030
GR_Nuclear,6,5,uniform,2030
GR_CCGT,6,5,uniform,2030
GR_OCGT,6,5,uniform,2030
GR_Battery,6,5,uniform,2030
GR_E_Demand,6,5,uniform,2030
GR_Balance,6,5,uniform,2030
GR_Solar,6,6,uniform,2030
GR_Wind_Onshore,6,6,uniform,2030
GR_Wind_Offshore,6,6,uniform,2030
GR_Coal,6,6,uniform,2030
GR_Nuclear,6,6,uniform,2030
GR_CCGT,6,6,uniform,2030
GR_OCGT,6,6,uniform,2030
GR_Battery,6,6,uniform,2030
GR_E_Demand,6,6,uniform,2030
GR_Balance,6,6,uniform,2030
GR_Solar,6,7,uniform,2030
GR_Wind_Onshore,6,7,uniform,2030
GR_Wind_Offshore,6,7,uniform,2030
GR_Coal,6,7,uniform,2030
GR_Nuclear,6,7,uniform,2030
GR_CCGT,6,7,uniform,2030
GR_OCGT,6,7,uniform,2030
GR_Battery,6,7,uniform,2030
GR_E_Demand,6,7,uniform,2030
GR_Balance,6,7,uniform,2030
GR_Solar,6,8,uniform,2030
GR_Wind_Onshore,6,8,uniform,2030
GR_Wind_Offshore,6,8,uniform,2030
GR_Coal,6,8,uniform,2030
GR_Nuclear,6,8,uniform,2030
GR_CCGT,6,8,uniform,2030
GR_OCGT,6,8,uniform,2030
GR_Battery,6,8,uniform,2030
GR_E_Demand,6,8,uniform,2030
GR_Balance,6,8,uniform,2030
GR_Solar,6,9,uniform,2030
GR_Wind_Onshore,6,9,uniform,2030
GR_Wind_Offshore,6,9,uniform,2030
GR_Coal,6,9,uniform,2030
GR_Nuclear,6,9,uniform,2030
GR_CCGT,6,9,uniform,2030
GR_OCGT,6,9,uniform,2030
GR_Battery,6,9,uniform,2030
GR_E_Demand,6,9,uniform,2030
GR_Balance,6,9,uniform,2030
GR_Solar,6,10,uniform,2030
GR_Wind_Onshore,6,10,uniform,2030
GR_Wind_Offshore,6,10,uniform,2030
GR_Coal,6,10,uniform,2030
GR_Nuclear,6,10,uniform,2030
GR_CCGT,6,10,uniform,2030
GR_OCGT,6,10,uniform,2030
GR_Battery,6,10,uniform,2030
GR_E_Demand,6,10,uniform,2030
GR_Balance,6,10,uniform,2030
LV_Solar,6,1,uniform,2030
LV_Wind_Onshore,6,1,uniform,2030
LV_Wind_Offshore,6,1,uniform,2030
LV_Coal,6,1,uniform,2030
LV_Nuclear,6,1,uniform,2030
LV_CCGT,6,1,uniform,2030
LV_OCGT,6,1,uniform,2030
LV_Battery,6,1,uniform,2030
LV_E_Demand,6,1,uniform,2030
LV_Balance,6,1,uniform,2030
LV_Solar,6,2,uniform,2030
LV_Wind_Onshore,6,2,uniform,2030
LV_Wind_Offshore,6,2,uniform,2030
LV_Coal,6,2,uniform,2030
LV_Nuclear,6,2,uniform,2030
LV_CCGT,6,2,uniform,2030
LV_OCGT,6,2,uniform,2030
LV_Battery,6,2,uniform,2030
LV_E_Demand,6,2,uniform,2030
LV_Balance,6,2,uniform,2030
LV_Solar,6,3,uniform,2030
LV_Wind_Onshore,6,3,uniform,2030
LV_Wind_Offshore,6,3,uniform,2030
LV_Coal,6,3,uniform,2030
LV_Nuclear,6,3,uniform,2030
LV_CCGT,6,3,uniform,2030
LV_OCGT,6,3,uniform,2030
LV_Battery,6,3,uniform,2030
LV_E_Demand,6,3,uniform,2030
LV_Balance,6,3,uniform,2030
LV_Solar,6,4,uniform,2030
LV_Wind_Onshore,6,4,uniform,2030
LV_Wind_Offshore,6,4,uniform,2030
LV_Coal,6,4,uniform,2030
LV_Nuclear,6,4,uniform,2030
LV_CCGT,6,4,uniform,2030
LV_OCGT,6,4,uniform,2030
LV_Battery,6,4,uniform,2030
LV_E_Demand,6,4,uniform,2030
LV_Balance,6,4,uniform,2030
LV_Solar,6,5,uniform,2030
LV_Wind_Onshore,6,5,uniform,2030
LV_Wind_Offshore,6,5,uniform,2030
LV_Coal,6,5,uniform,2030
LV_Nuclear,6,5,uniform,2030
LV_CCGT,6,5,uniform,2030
LV_OCGT,6,5,uniform,2030
LV_Battery,6,5,uniform,2030
LV_E_Demand,6,5,uniform,2030
LV_Balance,6,5,uniform,2030
LV_Solar,6,6,uniform,2030
LV_Wind_Onshore,6,6,uniform,2030
LV_Wind_Offshore,6,6,uniform,2030
LV_Coal,6,6,uniform,2030
LV_Nuclear,6,6,uniform,2030
LV_CCGT,6,6,uniform,2030
LV_OCGT,6,6,uniform,2030
LV_Battery,6,6,uniform,2030
LV_E_Demand,6,6,uniform,2030
LV_Balance,6,6,uniform,2030
LV_Solar,6,7,uniform,2030
LV_Wind_Onshore,6,7,uniform,2030
LV_Wind_Offshore,6,7,uniform,2030
LV_Coal,6,7,uniform,2030
LV_Nuclear,6,7,uniform,2030
LV_CCGT,6,7,uniform,2030
LV_OCGT,6,7,uniform,2030
LV_Battery,6,7,uniform,2030
LV_E_Demand,6,7,uniform,2030
LV_Balance,6,7,uniform,2030
LV_Solar,6,8,uniform,2030
LV_Wind_Onshore,6,8,uniform,2030
LV_Wind_Offshore,6,8,uniform,2030
LV_Coal,6,8,uniform,2030
LV_Nuclear,6,8,uniform,2030
LV_CCGT,6,8,uniform,2030
LV_OCGT,6,8,uniform,2030
LV_Battery,6,8,uniform,2030
LV_E_Demand,6,8,uniform,2030
LV_Balance,6,8,uniform,2030
LV_Solar,6,9,uniform,2030
LV_Wind_Onshore,6,9,uniform,2030
LV_Wind_Offshore,6,9,uniform,2030
LV_Coal,6,9,uniform,2030
LV_Nuclear,6,9,uniform,2030
LV_CCGT,6,9,uniform,2030
LV_OCGT,6,9,uniform,2030
LV_Battery,6,9,uniform,2030
LV_E_Demand,6,9,uniform,2030
LV_Balance,6,9,uniform,2030
LV_Solar,6,10,uniform,2030
LV_Wind_Onshore,6,10,uniform,2030
LV_Wind_Offshore,6,10,uniform,2030
LV_Coal,6,10,uniform,2030
LV_Nuclear,6,10,uniform,2030
LV_CCGT,6,10,uniform,2030
LV_OCGT,6,10,uniform,2030
LV_Battery,6,10,uniform,2030
LV_E_Demand,6,10,uniform,2030
LV_Balance,6,10,uniform,2030
EE_Solar,6,1,uniform,2030
EE_Wind_Onshore,6,1,uniform,2030
EE_Wind_Offshore,6,1,uniform,2030
EE_Coal,6,1,uniform,2030
EE_Nuclear,6,1,uniform,2030
EE_CCGT,6,1,uniform,2030
EE_OCGT,6,1,uniform,2030
EE_Battery,6,1,uniform,2030
EE_E_Demand,6,1,uniform,2030
EE_Balance,6,1,uniform,2030
EE_Solar,6,2,uniform,2030
EE_Wind_Onshore,6,2,uniform,2030
EE_Wind_Offshore,6,2,uniform,2030
EE_Coal,6,2,uniform,2030
EE_Nuclear,6,2,uniform,2030
EE_CCGT,6,2,uniform,2030
EE_OCGT,6,2,uniform,2030
EE_Battery,6,2,uniform,2030
EE_E_Demand,6,2,uniform,2030
EE_Balance,6,2,uniform,2030
EE_Solar,6,3,uniform,2030
EE_Wind_Onshore,6,3,uniform,2030
EE_Wind_Offshore,6,3,uniform,2030
EE_Coal,6,3,uniform,2030
EE_Nuclear,6,3,uniform,2030
EE_CCGT,6,3,uniform,2030
EE_OCGT,6,3,uniform,2030
EE_Battery,6,3,uniform,2030
EE_E_Demand,6,3,uniform,2030
EE_Balance,6,3,uniform,2030
EE_Solar,6,4,uniform,2030
EE_Wind_Onshore,6,4,uniform,2030
EE_Wind_Offshore,6,4,uniform,2030
EE_Coal,6,4,uniform,2030
EE_Nuclear,6,4,uniform,2030
EE_CCGT,6,4,uniform,2030
EE_OCGT,6,4,uniform,2030
EE_Battery,6,4,uniform,2030
EE_E_Demand,6,4,uniform,2030
EE_Balance,6,4,uniform,2030
EE_Solar,6,5,uniform,2030
EE_Wind_Onshore,6,5,uniform,2030
EE_Wind_Offshore,6,5,uniform,2030
EE_Coal,6,5,uniform,2030
EE_Nuclear,6,5,uniform,2030
EE_CCGT,6,5,uniform,2030
EE_OCGT,6,5,uniform,2030
EE_Battery,6,5,uniform,2030
EE_E_Demand,6,5,uniform,2030
EE_Balance,6,5,uniform,2030
EE_Solar,6,6,uniform,2030
EE_Wind_Onshore,6,6,uniform,2030
EE_Wind_Offshore,6,6,uniform,2030
EE_Coal,6,6,uniform,2030
EE_Nuclear,6,6,uniform,2030
EE_CCGT,6,6,uniform,2030
EE_OCGT,6,6,uniform,2030
EE_Battery,6,6,uniform,2030
EE_E_Demand,6,6,uniform,2030
EE_Balance,6,6,uniform,2030
EE_Solar,6,7,uniform,2030
EE_Wind_Onshore,6,7,uniform,2030
EE_Wind_Offshore,6,7,uniform,2030
EE_Coal,6,7,uniform,2030
EE_Nuclear,6,7,uniform,2030
EE_CCGT,6,7,uniform,2030
EE_OCGT,6,7,uniform,2030
EE_Battery,6,7,uniform,2030
EE_E_Demand,6,7,uniform,2030
EE_Balance,6,7,uniform,2030
EE_Solar,6,8,uniform,2030
EE_Wind_Onshore,6,8,uniform,2030
EE_Wind_Offshore,6,8,uniform,2030
EE_Coal,6,8,uniform,2030
EE_Nuclear,6,8,uniform,2030
EE_CCGT,6,8,uniform,2030
EE_OCGT,6,8,uniform,2030
EE_Battery,6,8,uniform,2030
EE_E_Demand,6,8,uniform,2030
EE_Balance,6,8,uniform,2030
EE_Solar,6,9,uniform,2030
EE_Wind_Onshore,6,9,uniform,2030
EE_Wind_Offshore,6,9,uniform,2030
EE_Coal,6,9,uniform,2030
EE_Nuclear,6,9,uniform,2030
EE_CCGT,6,9,uniform,2030
EE_OCGT,6,9,uniform,2030
EE_Battery,6,9,uniform,2030
EE_E_Demand,6,9,uniform,2030
EE_Balance,6,9,uniform,2030
EE_Solar,6,10,uniform,2030
EE_Wind_Onshore,6,10,uniform,2030
EE_Wind_Offshore,6,10,uniform,2030
EE_Coal,6,10,uniform,2030
EE_Nuclear,6,10,uniform,2030
EE_CCGT,6,10,uniform,2030
EE_OCGT,6,10,uniform,2030
EE_Battery,6,10,uniform,2030
EE_E_Demand,6,10,uniform,2030
EE_Balance,6,10,uniform,2030
MT_Solar,6,1,uniform,2030
MT_Wind_Onshore,6,1,uniform,2030
MT_Wind_Offshore,6,1,uniform,2030
MT_Coal,6,1,uniform,2030
MT_Nuclear,6,1,uniform,2030
MT_CCGT,6,1,uniform,2030
MT_OCGT,6,1,uniform,2030
MT_Battery,6,1,uniform,2030
MT_E_Demand,6,1,uniform,2030
MT_Balance,6,1,uniform,2030
MT_Solar,6,2,uniform,2030
MT_Wind_Onshore,6,2,uniform,2030
MT_Wind_Offshore,6,2,uniform,2030
MT_Coal,6,2,uniform,2030
MT_Nuclear,6,2,uniform,2030
MT_CCGT,6,2,uniform,2030
MT_OCGT,6,2,uniform,2030
MT_Battery,6,2,uniform,2030
MT_E_Demand,6,2,uniform,2030
MT_Balance,6,2,uniform,2030
MT_Solar,6,3,uniform,2030
MT_Wind_Onshore,6,3,uniform,2030
MT_Wind_Offshore,6,3,uniform,2030
MT_Coal,6,3,uniform,2030
MT_Nuclear,6,3,uniform,2030
MT_CCGT,6,3,uniform,2030
MT_OCGT,6,3,uniform,2030
MT_Battery,6,3,uniform,2030
MT_E_Demand,6,3,uniform,2030
MT_Balance,6,3,uniform,2030
MT_Solar,6,4,uniform,2030
MT_Wind_Onshore,6,4,uniform,2030
MT_Wind_Offshore,6,4,uniform,2030
MT_Coal,6,4,uniform,2030
MT_Nuclear,6,4,uniform,2030
MT_CCGT,6,4,uniform,2030
MT_OCGT,6,4,uniform,2030
MT_Battery,6,4,uniform,2030
MT_E_Demand,6,4,uniform,2030
MT_Balance,6,4,uniform,2030
MT_Solar,6,5,uniform,2030
MT_Wind_Onshore,6,5,uniform,2030
MT_Wind_Offshore,6,5,uniform,2030
MT_Coal,6,5,uniform,2030
MT_Nuclear,6,5,uniform,2030
MT_CCGT,6,5,uniform,2030
MT_OCGT,6,5,uniform,2030
MT_Battery,6,5,uniform,2030
MT_E_Demand,6,5,uniform,2030
MT_Balance,6,5,uniform,2030
MT_Solar,6,6,uniform,2030
MT_Wind_Onshore,6,6,uniform,2030
MT_Wind_Offshore,6,6,uniform,2030
MT_Coal,6,6,uniform,2030
MT_Nuclear,6,6,uniform,2030
MT_CCGT,6,6,uniform,2030
MT_OCGT,6,6,uniform,2030
MT_Battery,6,6,uniform,2030
MT_E_Demand,6,6,uniform,2030
MT_Balance,6,6,uniform,2030
MT_Solar,6,7,uniform,2030
MT_Wind_Onshore,6,7,uniform,2030
MT_Wind_Offshore,6,7,uniform,2030
MT_Coal,6,7,uniform,2030
MT_Nuclear,6,7,uniform,2030
MT_CCGT,6,7,uniform,2030
MT_OCGT,6,7,uniform,2030
MT_Battery,6,7,uniform,2030
MT_E_Demand,6,7,uniform,2030
MT_Balance,6,7,uniform,2030
MT_Solar,6,8,uniform,2030
MT_Wind_Onshore,6,8,uniform,2030
MT_Wind_Offshore,6,8,uniform,2030
MT_Coal,6,8,uniform,2030
MT_Nuclear,6,8,uniform,2030
MT_CCGT,6,8,uniform,2030
MT_OCGT,6,8,uniform,2030
MT_Battery,6,8,uniform,2030
MT_E_Demand,6,8,uniform,2030
MT_Balance,6,8,uniform,2030
MT_Solar,6,9,uniform,2030
MT_Wind_Onshore,6,9,uniform,2030
MT_Wind_Offshore,6,9,uniform,2030
MT_Coal,6,9,uniform,2030
MT_Nuclear,6,9,uniform,2030
MT_CCGT,6,9,uniform,2030
MT_OCGT,6,9,uniform,2030
MT_Battery,6,9,uniform,2030
MT_E_Demand,6,9,uniform,2030
MT_Balance,6,9,uniform,2030
MT_Solar,6,10,uniform,2030
MT_Wind_Onshore,6,10,uniform,2030
MT_Wind_Offshore,6,10,uniform,2030
MT_Coal,6,10,uniform,2030
MT_Nuclear,6,10,uniform,2030
MT_CCGT,6,10,uniform,2030
MT_OCGT,6,10,uniform,2030
MT_Battery,6,10,uniform,2030
MT_E_Demand,6,10,uniform,2030
MT_Balance,6,10,uniform,2030
CY_Solar,6,1,uniform,2030
CY_Wind_Onshore,6,1,uniform,2030
CY_Wind_Offshore,6,1,uniform,2030
CY_Coal,6,1,uniform,2030
CY_Nuclear,6,1,uniform,2030
CY_CCGT,6,1,uniform,2030
CY_OCGT,6,1,uniform,2030
CY_Battery,6,1,uniform,2030
CY_E_Demand,6,1,uniform,2030
CY_Balance,6,1,uniform,2030
CY_Solar,6,2,uniform,2030
CY_Wind_Onshore,6,2,uniform,2030
CY_Wind_Offshore,6,2,uniform,2030
CY_Coal,6,2,uniform,2030
CY_Nuclear,6,2,uniform,2030
CY_CCGT,6,2,uniform,2030
CY_OCGT,6,2,uniform,2030
CY_Battery,6,2,uniform,2030
CY_E_Demand,6,2,uniform,2030
CY_Balance,6,2,uniform,2030
CY_Solar,6,3,uniform,2030
CY_Wind_Onshore,6,3,uniform,2030
CY_Wind_Offshore,6,3,uniform,2030
CY_Coal,6,3,uniform,2030
CY_Nuclear,6,3,uniform,2030
CY_CCGT,6,3,uniform,2030
CY_OCGT,6,3,uniform,2030
CY_Battery,6,3,uniform,2030
CY_E_Demand,6,3,uniform,2030
CY_Balance,6,3,uniform,2030
CY_Solar,6,4,uniform,2030
CY_Wind_Onshore,6,4,uniform,2030
CY_Wind_Offshore,6,4,uniform,2030
CY_Coal,6,4,uniform,2030
CY_Nuclear,6,4,uniform,2030
CY_CCGT,6,4,uniform,2030
CY_OCGT,6,4,uniform,2030
CY_Battery,6,4,uniform,2030
CY_E_Demand,6,4,uniform,2030
CY_Balance,6,4,uniform,2030
CY_Solar,6,5,uniform,2030
CY_Wind_Onshore,6,5,uniform,2030
CY_Wind_Offshore,6,5,uniform,2030
CY_Coal,6,5,uniform,2030
CY_Nuclear,6,5,uniform,2030
CY_CCGT,6,5,uniform,2030
CY_OCGT,6,5,uniform,2030
CY_Battery,6,5,uniform,2030
CY_E_Demand,6,5,uniform,2030
CY_Balance,6,5,uniform,2030
CY_Solar,6,6,uniform,2030
CY_Wind_Onshore,6,6,uniform,2030
CY_Wind_Offshore,6,6,uniform,2030
CY_Coal,6,6,uniform,2030
CY_Nuclear,6,6,uniform,2030
CY_CCGT,6,6,uniform,2030
CY_OCGT,6,6,uniform,2030
CY_Battery,6,6,uniform,2030
CY_E_Demand,6,6,uniform,2030
CY_Balance,6,6,uniform,2030
CY_Solar,6,7,uniform,2030
CY_Wind_Onshore,6,7,uniform,2030
CY_Wind_Offshore,6,7,uniform,2030
CY_Coal,6,7,uniform,2030
CY_Nuclear,6,7,uniform,2030
CY_CCGT,6,7,uniform,2030
CY_OCGT,6,7,uniform,2030
CY_Battery,6,7,uniform,2030
CY_E_Demand,6,7,uniform,2030
CY_Balance,6,7,uniform,2030
CY_Solar,6,8,uniform,2030
CY_Wind_Onshore,6,8,uniform,2030
CY_Wind_Offshore,6,8,uniform,2030
CY_Coal,6,8,uniform,2030
CY_Nuclear,6,8,uniform,2030
CY_CCGT,6,8,uniform,2030
CY_OCGT,6,8,uniform,2030
CY_Battery,6,8,uniform,2030
CY_E_Demand,6,8,uniform,2030
CY_Balance,6,8,uniform,2030
CY_Solar,6,9,uniform,2030
CY_Wind_Onshore,6,9,uniform,2030
CY_Wind_Offshore,6,9,uniform,2030
CY_Coal,6,9,uniform,2030
CY_Nuclear,6,9,uniform,2030
CY_CCGT,6,9,uniform,2030
CY_OCGT,6,9,uniform,2030
CY_Battery,6,9,uniform,2030
CY_E_Demand,6,9,uniform,2030
CY_Balance,6,9,uniform,2030
CY_Solar,6,10,uniform,2030
CY_Wind_Onshore,6,10,uniform,2030
CY_Wind_Offshore,6,10,uniform,2030
CY_Coal,6,10,uniform,2030
CY_Nuclear,6,10,uniform,2030
CY_CCGT,6,10,uniform,2030
CY_OCGT,6,10,uniform,2030
CY_Battery,6,10,uniform,2030
CY_E_Demand,6,10,uniform,2030
CY_Balance,6,10,uniform,2030
BG_Solar,6,1,uniform,2030
BG_Wind_Onshore,6,1,uniform,2030
BG_Wind_Offshore,6,1,uniform,2030
BG_Coal,6,1,uniform,2030
BG_Nuclear,6,1,uniform,2030
BG_CCGT,6,1,uniform,2030
BG_OCGT,6,1,uniform,2030
BG_Battery,6,1,uniform,2030
BG_E_Demand,6,1,uniform,2030
BG_Balance,6,1,uniform,2030
BG_Solar,6,2,uniform,2030
BG_Wind_Onshore,6,2,uniform,2030
BG_Wind_Offshore,6,2,uniform,2030
BG_Coal,6,2,uniform,2030
BG_Nuclear,6,2,uniform,2030
BG_CCGT,6,2,uniform,2030
BG_OCGT,6,2,uniform,2030
BG_Battery,6,2,uniform,2030
BG_E_Demand,6,2,uniform,2030
BG_Balance,6,2,uniform,2030
BG_Solar,6,3,uniform,2030
BG_Wind_Onshore,6,3,uniform,2030
BG_Wind_Offshore,6,3,uniform,2030
BG_Coal,6,3,uniform,2030
BG_Nuclear,6,3,uniform,2030
BG_CCGT,6,3,uniform,2030
BG_OCGT,6,3,uniform,2030
BG_Battery,6,3,uniform,2030
BG_E_Demand,6,3,uniform,2030
BG_Balance,6,3,uniform,2030
BG_Solar,6,4,uniform,2030
BG_Wind_Onshore,6,4,uniform,2030
BG_Wind_Offshore,6,4,uniform,2030
BG_Coal,6,4,uniform,2030
BG_Nuclear,6,4,uniform,2030
BG_CCGT,6,4,uniform,2030
BG_OCGT,6,4,uniform,2030
BG_Battery,6,4,uniform,2030
BG_E_Demand,6,4,uniform,2030
BG_Balance,6,4,uniform,2030
BG_Solar,6,5,uniform,2030
BG_Wind_Onshore,6,5,uniform,2030
BG_Wind_Offshore,6,5,uniform,2030
BG_Coal,6,5,uniform,2030
BG_Nuclear,6,5,uniform,2030
BG_CCGT,6,5,uniform,2030
BG_OCGT,6,5,uniform,2030
BG_Battery,6,5,uniform,2030
BG_E_Demand,6,5,uniform,2030
BG_Balance,6,5,uniform,2030
BG_Solar,6,6,uniform,2030
BG_Wind_Onshore,6,6,uniform,2030
BG_Wind_Offshore,6,6,uniform,2030
BG_Coal,6,6,uniform,2030
BG_Nuclear,6,6,uniform,2030
BG_CCGT,6,6,uniform,2030
BG_OCGT,6,6,uniform,2030
BG_Battery,6,6,uniform,2030
BG_E_Demand,6,6,uniform,2030
BG_Balance,6,6,uniform,2030
BG_Solar,6,7,uniform,2030
BG_Wind_Onshore,6,7,uniform,2030
BG_Wind_Offshore,6,7,uniform,2030
BG_Coal,6,7,uniform,2030
BG_Nuclear,6,7,uniform,2030
BG_CCGT,6,7,uniform,2030
BG_OCGT,6,7,uniform,2030
BG_Battery,6,7,uniform,2030
BG_E_Demand,6,7,uniform,2030
BG_Balance,6,7,uniform,2030
BG_Solar,6,8,uniform,2030
BG_Wind_Onshore,6,8,uniform,2030
BG_Wind_Offshore,6,8,uniform,2030
BG_Coal,6,8,uniform,2030
BG_Nuclear,6,8,uniform,2030
BG_CCGT,6,8,uniform,2030
BG_OCGT,6,8,uniform,2030
BG_Battery,6,8,uniform,2030
BG_E_Demand,6,8,uniform,2030
BG_Balance,6,8,uniform,2030
BG_Solar,6,9,uniform,2030
BG_Wind_Onshore,6,9,uniform,2030
BG_Wind_Offshore,6,9,uniform,2030
BG_Coal,6,9,uniform,2030
BG_Nuclear,6,9,uniform,2030
BG_CCGT,6,9,uniform,2030
BG_OCGT,6,9,uniform,2030
BG_Battery,6,9,uniform,2030
BG_E_Demand,6,9,uniform,2030
BG_Balance,6,9,uniform,2030
BG_Solar,6,10,uniform,2030
BG_Wind_Onshore,6,10,uniform,2030
BG_Wind_Offshore,6,10,uniform,2030
BG_Coal,6,10,uniform,2030
BG_Nuclear,6,10,uniform,2030
BG_CCGT,6,10,uniform,2030
BG_OCGT,6,10,uniform,2030
BG_Battery,6,10,uniform,2030
BG_E_Demand,6,10,uniform,2030
BG_Balance,6,10,uniform,2030
